,Date,Close,Adj_Close,Open,High,Low,Volume
1080,2020-04-10,0.9510539770126344,0.8320050239562988,0.6941869854927063,0.9510539770126344,0.8320050239562988,87364276.0
1081,2020-04-11,0.7768189907073975,0.9510539770126344,0.7650200128555298,0.7768189907073975,0.9510539770126344,43862444.0
1082,2020-04-12,0.8825070261955261,0.7854480147361755,0.7624260187149048,0.8825070261955261,0.7854480147361755,38736897.0
1083,2020-04-13,0.7778319716453552,0.8907600045204163,0.7739760279655457,0.7778319716453552,0.8907600045204163,18211285.0
1084,2020-04-14,0.6619250178337097,0.7778319716453552,0.6281690001487732,0.6619250178337097,0.7778319716453552,16747614.0
1085,2020-04-15,0.646651029586792,0.6692889928817749,0.6215310096740723,0.646651029586792,0.6692889928817749,13075275.0
1086,2020-04-16,0.6908159852027893,0.6308789849281311,0.6251069903373718,0.6908159852027893,0.6308789849281311,21346031.0
1087,2020-04-17,0.6607279777526855,0.6893119812011719,0.6607279777526855,0.6607279777526855,0.6893119812011719,9870810.0
1088,2020-04-18,0.6810960173606873,0.6607279777526855,0.6594269871711731,0.6810960173606873,0.6607279777526855,9782112.0
1089,2020-04-19,0.6069689989089966,0.6815159916877747,0.5984870195388794,0.6069689989089966,0.6815159916877747,9289670.0
1090,2020-04-20,0.538811981678009,0.6129480004310608,0.5205780267715454,0.538811981678009,0.6129480004310608,8342616.0
1091,2020-04-21,0.5876590013504028,0.5413870215415955,0.5085489749908447,0.5876590013504028,0.5413870215415955,9711507.0
1092,2020-04-22,0.6916009783744812,0.5811660289764404,0.5696210265159607,0.6916009783744812,0.5811660289764404,18828400.0
1093,2020-04-23,0.6274570226669312,0.6853470206260681,0.6003220081329346,0.6274570226669312,0.6853470206260681,13485271.0
1094,2020-04-24,0.6342419981956482,0.6240209937095642,0.6139410138130188,0.6342419981956482,0.6240209937095642,9064190.0
1095,2020-04-25,0.6433290243148804,0.6305279731750488,0.6215469837188721,0.6433290243148804,0.6305279731750488,7311905.0
1096,2020-04-26,0.6355059742927551,0.6532149910926819,0.6311709880828857,0.6355059742927551,0.6532149910926819,8320760.0
1097,2020-04-27,0.5723720192909241,0.6357139945030212,0.561028003692627,0.5723720192909241,0.6357139945030212,7406934.0
1098,2020-04-28,0.6612930297851562,0.5782529711723328,0.5684840083122253,0.6612930297851562,0.5782529711723328,7470201.0
1099,2020-04-29,0.7458400130271912,0.6622859835624695,0.655273973941803,0.7458400130271912,0.6622859835624695,8801144.0
1100,2020-04-30,0.6910449862480164,0.7471950054168701,0.6878809928894043,0.6910449862480164,0.7471950054168701,5016892.0
1101,2020-05-01,0.7287939786911011,0.6910449862480164,0.685903012752533,0.7287939786911011,0.6910449862480164,4164272.0
1102,2020-05-02,0.7158759832382202,0.7272679805755615,0.7079039812088013,0.7158759832382202,0.7272679805755615,3441356.0
1103,2020-05-03,0.6795349717140198,0.7147960066795349,0.6566159725189209,0.6795349717140198,0.7147960066795349,3328344.0
1104,2020-05-04,0.6674910187721252,0.6796249747276306,0.6184340119361877,0.6674910187721252,0.6796249747276306,3443698.0
1105,2020-05-05,0.6418370008468628,0.6734399795532227,0.6264989972114563,0.6418370008468628,0.6734399795532227,2847469.0
1106,2020-05-06,0.6225839853286743,0.6424540281295776,0.6225839853286743,0.6225839853286743,0.6424540281295776,2677563.0
1107,2020-05-07,0.6129779815673828,0.6225839853286743,0.5733759999275208,0.6129779815673828,0.6225839853286743,3355830.0
1108,2020-05-08,0.6049219965934753,0.6129779815673828,0.589851975440979,0.6049219965934753,0.6129779815673828,2488195.0
1109,2020-05-09,0.6045269966125488,0.6040419936180115,0.5884479880332947,0.6045269966125488,0.6040419936180115,2128503.0
1110,2020-05-10,0.5370339751243591,0.6044610142707825,0.5130810141563416,0.5370339751243591,0.6044610142707825,2327581.0
1111,2020-05-11,0.5152729749679565,0.5362550020217896,0.5051940083503723,0.5152729749679565,0.5362550020217896,2098481.0
1112,2020-05-12,0.5385760068893433,0.5133910179138184,0.5052509903907776,0.5385760068893433,0.5133910179138184,2198625.0
1113,2020-05-13,0.5505319833755493,0.5383719801902771,0.5180379748344421,0.5505319833755493,0.5383719801902771,2326446.0
1114,2020-05-14,0.5691180229187012,0.5505319833755493,0.5501099824905396,0.5691180229187012,0.5505319833755493,2047897.0
1115,2020-05-15,0.5597519874572754,0.5691930055618286,0.5470929741859436,0.5597519874572754,0.5691930055618286,1850070.0
1116,2020-05-16,0.599120020866394,0.5589810013771057,0.5543609857559204,0.599120020866394,0.5589810013771057,2300409.0
1117,2020-05-17,0.6129890084266663,0.5952280163764954,0.5891749858856201,0.6129890084266663,0.5952280163764954,2936428.0
1118,2020-05-18,0.6526700258255005,0.6126819849014282,0.6096490025520325,0.6526700258255005,0.6126819849014282,3314359.0
1119,2020-05-19,0.6244540214538574,0.6509739756584167,0.6112480163574219,0.6244540214538574,0.6509739756584167,2380263.0
1120,2020-05-20,0.5791559815406799,0.6224750280380249,0.5752829909324646,0.5791559815406799,0.6224750280380249,2302926.0
1121,2020-05-21,0.6089149713516235,0.579692006111145,0.5433459877967834,0.6089149713516235,0.579692006111145,2863017.0
1122,2020-05-22,0.6388750076293945,0.6052389740943909,0.582830011844635,0.6388750076293945,0.6052389740943909,3411419.0
1123,2020-05-23,0.6130310297012329,0.6374149918556213,0.5882470011711121,0.6130310297012329,0.6374149918556213,2638524.0
1124,2020-05-24,0.5490530133247375,0.6132889986038208,0.5484319925308228,0.5490530133247375,0.6132889986038208,2786816.0
1125,2020-05-25,0.6008570194244385,0.5485699772834778,0.5380640029907227,0.6008570194244385,0.5485699772834778,4509580.0
1126,2020-05-26,0.5733069777488708,0.5991039872169495,0.5664629936218262,0.5733069777488708,0.5991039872169495,2689697.0
1127,2020-05-27,0.5909850001335144,0.5733069777488708,0.5714430212974548,0.5909850001335144,0.5733069777488708,2536916.0
1128,2020-05-28,0.5751550197601318,0.5908839702606201,0.5669479966163635,0.5751550197601318,0.5908839702606201,2662788.0
1129,2020-05-29,0.5794150233268738,0.5746989846229553,0.5668579936027527,0.5794150233268738,0.5746989846229553,2066857.0
1130,2020-05-30,0.5879330039024353,0.5813549757003784,0.5670499801635742,0.5879330039024353,0.5813549757003784,2449095.0
1131,2020-05-31,0.5700219869613647,0.5879030227661133,0.5692449808120728,0.5700219869613647,0.5879030227661133,1892967.0
1132,2020-06-01,0.5774949789047241,0.5734720230102539,0.5673480033874512,0.5774949789047241,0.5734720230102539,2159877.0
1133,2020-06-02,0.5646690130233765,0.5771420001983643,0.5522940158843994,0.5646690130233765,0.5771420001983643,1295757.0
1134,2020-06-03,0.5866209864616394,0.5646690130233765,0.5644609928131104,0.5866209864616394,0.5646690130233765,877446.0
1135,2020-06-04,0.5872989892959595,0.5868669748306274,0.5645179748535156,0.5872989892959595,0.5868669748306274,901641.0
1136,2020-06-05,0.6611549854278564,0.5872989892959595,0.5779250264167786,0.6611549854278564,0.5872989892959595,4322092.0
1137,2020-06-06,0.6224430203437805,0.6610710024833679,0.6117810010910034,0.6224430203437805,0.6610710024833679,1604055.0
1138,2020-06-07,0.6165779829025269,0.6224430203437805,0.5933979749679565,0.6165779829025269,0.6224430203437805,716785.0
1139,2020-06-08,0.6683130264282227,0.6150779724121094,0.6133099794387817,0.6683130264282227,0.6150779724121094,1440234.0
1140,2020-06-09,0.6580020189285278,0.6677839756011963,0.6272420287132263,0.6580020189285278,0.6677839756011963,988327.0
1141,2020-06-10,0.6448670029640198,0.6580380201339722,0.633404016494751,0.6448670029640198,0.6580380201339722,1096203.0
1142,2020-06-11,0.5737419724464417,0.6448879837989807,0.5700820088386536,0.5737419724464417,0.6448879837989807,1122221.0
1143,2020-06-12,0.5938689708709717,0.574059009552002,0.569920003414154,0.5938689708709717,0.574059009552002,940323.0
1144,2020-06-13,0.608942985534668,0.5939480066299438,0.5854849815368652,0.608942985534668,0.5939480066299438,764757.0
1145,2020-06-14,0.5870770215988159,0.6109269857406616,0.5808990001678467,0.5870770215988159,0.6109269857406616,873416.0
1146,2020-06-15,0.5706390142440796,0.5883730053901672,0.5472869873046875,0.5706390142440796,0.5883730053901672,942666.0
1147,2020-06-16,0.5855759978294373,0.5705789923667908,0.5686889886856079,0.5855759978294373,0.5705789923667908,652020.0
1148,2020-06-17,0.5815619826316833,0.5854970216751099,0.5651170015335083,0.5815619826316833,0.5854970216751099,673274.0
1149,2020-06-18,0.6209560036659241,0.5815820097923279,0.5792850255966187,0.6209560036659241,0.5815820097923279,1349341.0
1150,2020-06-19,0.684332013130188,0.6224070191383362,0.6203839778900146,0.684332013130188,0.6224070191383362,6577471.0
1151,2020-06-20,0.6435909867286682,0.6825230121612549,0.6256260275840759,0.6435909867286682,0.6825230121612549,1714405.0
1152,2020-06-21,0.6731489896774292,0.6461349725723267,0.6368799805641174,0.6731489896774292,0.6461349725723267,2238347.0
1153,2020-06-22,0.7268480062484741,0.6725770235061646,0.6458770036697388,0.7268480062484741,0.6725770235061646,1620388.0
1154,2020-06-23,0.7082970142364502,0.7267730236053467,0.7007120251655579,0.7082970142364502,0.7267730236053467,1327340.0
1155,2020-06-24,0.7369940280914307,0.7085300087928772,0.6935009956359863,0.7369940280914307,0.7085300087928772,2769054.0
1156,2020-06-25,0.7131940126419067,0.7371000051498413,0.6992400288581848,0.7131940126419067,0.7371000051498413,1751581.0
1157,2020-06-26,0.7411440014839172,0.7125309705734253,0.6815320253372192,0.7411440014839172,0.7125309705734253,1664662.0
1158,2020-06-27,0.7135480046272278,0.7395970225334167,0.6758379936218262,0.7135480046272278,0.7395970225334167,1681428.0
1159,2020-06-28,0.7984949946403503,0.7135480046272278,0.6870949864387512,0.7984949946403503,0.7135480046272278,3412582.0
1160,2020-06-29,0.8524540066719055,0.7984949946403503,0.7700089812278748,0.8524540066719055,0.7984949946403503,2147791.0
1161,2020-06-30,0.8600940108299255,0.8530219793319702,0.8501039743423462,0.8600940108299255,0.8530219793319702,3887548.0
1162,2020-07-01,0.8326420187950134,0.8633639812469482,0.8209270238876343,0.8326420187950134,0.8633639812469482,1772560.0
1163,2020-07-02,0.7802190184593201,0.8321160078048706,0.7536680102348328,0.7802190184593201,0.8321160078048706,1749581.0
1164,2020-07-03,0.7680929899215698,0.7820360064506531,0.7551130056381226,0.7680929899215698,0.7820360064506531,1144958.0
1165,2020-07-04,0.7803720235824585,0.7679409980773926,0.761451005935669,0.7803720235824585,0.7679409980773926,1644301.0
1166,2020-07-05,0.6916639804840088,0.7801010012626648,0.6426349878311157,0.6916639804840088,0.7801010012626648,3799016.0
1167,2020-07-06,0.7079079747200012,0.6916639804840088,0.6865800023078918,0.7079079747200012,0.6916639804840088,1120773.0
1168,2020-07-07,0.7530480027198792,0.7078580260276794,0.7019219994544983,0.7530480027198792,0.7078580260276794,1700041.0
1169,2020-07-08,0.7967129945755005,0.7530480027198792,0.7434110045433044,0.7967129945755005,0.7530480027198792,2220223.0
1170,2020-07-09,0.8534529805183411,0.7940179705619812,0.759905993938446,0.8534529805183411,0.7940179705619812,2668724.0
1171,2020-07-10,0.9135599732398988,0.8533040285110474,0.8428500294685364,0.9135599732398988,0.8533040285110474,1856095.0
1172,2020-07-11,0.9246240258216858,0.9135599732398988,0.8590949773788452,0.9246240258216858,0.9135599732398988,1788814.0
1173,2020-07-12,1.0167160034179688,0.9238560199737548,0.9141169786453248,1.0167160034179688,0.9238560199737548,4693371.0
1174,2020-07-13,1.175734043121338,1.0167160034179688,1.0088839530944824,1.175734043121338,1.0167160034179688,4062069.0
1175,2020-07-14,1.148074984550476,1.172476053237915,1.1191660165786743,1.148074984550476,1.172476053237915,2213135.0
1176,2020-07-15,1.289597988128662,1.147523045539856,1.1414580345153809,1.289597988128662,1.147523045539856,3355229.0
1177,2020-07-16,0.8724409937858582,1.28403902053833,0.8550440073013306,0.8724409937858582,1.28403902053833,7486568.0
1178,2020-07-17,0.9778370261192322,0.870760977268219,0.8018839955329895,0.9778370261192322,0.870760977268219,8973774.0
1179,2020-07-18,0.966583013534546,0.9775149822235109,0.9317259788513184,0.966583013534546,0.9775149822235109,2923007.0
1180,2020-07-19,0.9203490018844604,0.9680039882659912,0.8995149731636047,0.9203490018844604,0.9680039882659912,2206671.0
1181,2020-07-20,0.8730890154838562,0.92051500082016,0.8518779873847961,0.8730890154838562,0.92051500082016,3036871.0
1182,2020-07-21,0.9771659970283508,0.8729280233383179,0.8603159785270691,0.9771659970283508,0.8729280233383179,4299502.0
1183,2020-07-22,1.044087052345276,0.9771980047225952,0.9724850058555604,1.044087052345276,0.9771980047225952,5295002.0
1184,2020-07-23,1.0498440265655518,1.0461549758911133,0.9973940253257751,1.0498440265655518,1.0461549758911133,2970423.0
1185,2020-07-24,0.9953460097312928,1.0498440265655518,0.974780023097992,0.9953460097312928,1.0498440265655518,1991763.0
1186,2020-07-25,1.252223014831543,0.9954400062561036,0.9953969717025756,1.252223014831543,0.9954400062561036,9978279.0
1187,2020-07-26,1.5651099681854248,1.2447279691696167,1.2382830381393433,1.5651099681854248,1.2447279691696167,10463130.0
1188,2020-07-27,1.7786359786987305,1.5650980472564695,1.5610870122909546,1.7786359786987305,1.5650980472564695,32838355.0
1189,2020-07-28,1.7840670347213743,1.7841110229492188,1.6117689609527588,1.7840670347213743,1.7841110229492188,9692632.0
1190,2020-07-29,1.6582889556884766,1.785662055015564,1.5931659936904907,1.6582889556884766,1.785662055015564,10348945.0
1191,2020-07-30,1.6868070363998413,1.6582889556884766,1.6357120275497437,1.6868070363998413,1.6582889556884766,5222980.0
1192,2020-07-31,1.5381779670715332,1.6868070363998413,1.5104049444198608,1.5381779670715332,1.6868070363998413,4822046.0
1193,2020-08-01,1.526610016822815,1.5327589511871338,1.4988720417022705,1.526610016822815,1.5327589511871338,4589882.0
1194,2020-08-02,1.7428100109100342,1.5299099683761597,1.411972999572754,1.7428100109100342,1.5299099683761597,7216576.0
1195,2020-08-03,1.802610993385315,1.7322900295257568,1.6687259674072266,1.802610993385315,1.7322900295257568,5836036.0
1196,2020-08-04,1.8716390132904053,1.8000119924545288,1.794983983039856,1.8716390132904053,1.8000119924545288,5495665.0
1197,2020-08-05,1.7545499801635742,1.870736002922058,1.709509015083313,1.7545499801635742,1.870736002922058,5405764.0
1198,2020-08-06,2.206347942352295,1.7545499801635742,1.7467830181121826,2.206347942352295,1.7545499801635742,11143557.0
1199,2020-08-07,2.0859029293060303,2.203166007995605,1.8855719566345213,2.0859029293060303,2.203166007995605,8068102.0
1200,2020-08-08,2.4736249446868896,2.08388900756836,2.0265378952026367,2.4736249446868896,2.08388900756836,10919229.0
1201,2020-08-09,2.6652278900146484,2.4715559482574463,2.30250096321106,2.6652278900146484,2.4715559482574463,12107837.0
1202,2020-08-10,3.1317930221557617,2.6652278900146484,2.525897979736328,3.1317930221557617,2.6652278900146484,22863251.0
1203,2020-08-11,3.30341911315918,3.131042003631592,2.753633975982666,3.30341911315918,3.131042003631592,36356155.0
1204,2020-08-12,3.769751071929932,3.307957887649536,3.103979110717773,3.769751071929932,3.307957887649536,28461707.0
1205,2020-08-13,3.75597095489502,3.770703077316284,3.528520107269287,3.75597095489502,3.770703077316284,28236179.0
1206,2020-08-14,3.4093880653381348,3.760168075561523,3.3326539993286133,3.4093880653381348,3.760168075561523,18427950.0
1207,2020-08-15,3.1837949752807617,3.412554979324341,3.1654651165008545,3.1837949752807617,3.412554979324341,13155762.0
1208,2020-08-16,3.385653018951416,3.185405969619751,3.138688087463379,3.385653018951416,3.185405969619751,10395313.0
1209,2020-08-17,3.098608016967773,3.385653018951416,3.087985038757324,3.098608016967773,3.385653018951416,10723919.0
1210,2020-08-18,3.3299760818481445,3.104469060897827,2.894413948059082,3.3299760818481445,3.104469060897827,30350145.0
1211,2020-08-19,2.899040937423706,3.328696012496948,2.8381080627441406,2.899040937423706,3.328696012496948,14838389.0
1212,2020-08-20,3.2082669734954834,2.899040937423706,2.896235942840576,3.2082669734954834,2.899040937423706,13756478.0
1213,2020-08-21,2.9436678886413574,3.2097179889678955,2.913770914077759,2.9436678886413574,3.2097179889678955,11796736.0
1214,2020-08-22,3.020885944366455,2.945307970046997,2.757327079772949,3.020885944366455,2.945307970046997,10296805.0
1215,2020-08-23,3.3224310874938965,3.0208630561828613,3.0188379287719727,3.3224310874938965,3.0208630561828613,11991402.0
1216,2020-08-24,3.3449859619140625,3.312222003936768,3.224431037902832,3.3449859619140625,3.312222003936768,15785208.0
1217,2020-08-25,3.264849901199341,3.3496639728546143,3.027719020843506,3.264849901199341,3.3496639728546143,13444308.0
1218,2020-08-26,3.5583748817443848,3.266041040420532,3.1943109035491943,3.5583748817443848,3.266041040420532,22147431.0
1219,2020-08-27,3.4450600147247314,3.5578439235687256,3.2922139167785645,3.4450600147247314,3.5578439235687256,21031356.0
1220,2020-08-28,4.011393070220947,3.4524950981140137,3.4472808837890625,4.011393070220947,3.4524950981140137,27212888.0
1221,2020-08-29,3.968808889389038,4.01421594619751,3.78711199760437,3.968808889389038,4.01421594619751,14585964.0
1222,2020-08-30,4.4358229637146,3.970010995864868,3.919131994247437,4.4358229637146,3.970010995864868,22220239.0
1223,2020-08-31,4.782045841217041,4.4216790199279785,4.109681129455566,4.782045841217041,4.4216790199279785,20950150.0
1224,2020-09-01,4.344515800476074,4.781050205230713,4.344515800476074,4.344515800476074,4.781050205230713,16944927.0
1225,2020-09-02,4.1644721031188965,4.3526930809021,3.705163955688477,4.1644721031188965,4.3526930809021,23655802.0
1226,2020-09-03,3.5273399353027344,4.168772220611572,3.5273399353027344,3.5273399353027344,4.168772220611572,26473634.0
1227,2020-09-04,3.545794010162353,3.523390054702759,3.198894023895264,3.545794010162353,3.523390054702759,17729340.0
1228,2020-09-05,2.5979158878326416,3.5509839057922363,2.1916749477386475,2.5979158878326416,3.5509839057922363,25062205.0
1229,2020-09-06,3.086042881011963,2.600317001342773,2.288191080093384,3.086042881011963,2.600317001342773,20375890.0
1230,2020-09-07,2.928528070449829,3.0860838890075684,2.391493082046509,2.928528070449829,3.0860838890075684,17135013.0
1231,2020-09-08,2.4689769744873047,2.927628993988037,2.3986411094665527,2.4689769744873047,2.927628993988037,10163725.0
1232,2020-09-09,3.636378049850464,2.4711780548095703,2.389806032180786,3.636378049850464,2.4711780548095703,52354542.0
1233,2020-09-10,3.469836950302124,3.636378049850464,3.320808887481689,3.469836950302124,3.636378049850464,31177875.0
1234,2020-09-11,3.4274280071258545,3.467334985733032,3.040170907974243,3.4274280071258545,3.467334985733032,17090627.0
1235,2020-09-12,3.332659959793091,3.4191019535064697,3.1507270336151123,3.332659959793091,3.4191019535064697,10368518.0
1236,2020-09-13,3.2258388996124268,3.336380958557129,3.005402088165283,3.2258388996124268,3.336380958557129,15316353.0
1237,2020-09-14,3.2691330909729004,3.2315258979797363,3.0941739082336426,3.2691330909729004,3.2315258979797363,21301450.0
1238,2020-09-15,2.9391210079193115,3.2691330909729004,2.9184730052948,2.9391210079193115,3.2691330909729004,11992538.0
1239,2020-09-16,2.5453989505767822,2.9393069744110107,2.453839063644409,2.5453989505767822,2.9393069744110107,24199804.0
1240,2020-09-17,2.891874074935913,2.5453989505767822,2.3700339794158936,2.891874074935913,2.5453989505767822,23792220.0
1241,2020-09-18,3.107939958572388,2.891874074935913,2.741676092147827,3.107939958572388,2.891874074935913,23510207.0
1242,2020-09-19,3.028891086578369,3.111747026443481,2.9717040061950684,3.028891086578369,3.111747026443481,10763973.0
1243,2020-09-20,2.8709030151367188,3.0310280323028564,2.7201380729675293,2.8709030151367188,3.0310280323028564,9217295.0
1244,2020-09-21,2.782509088516236,2.8709030151367188,2.500418901443481,2.782509088516236,2.8709030151367188,19492894.0
1245,2020-09-22,2.9155189990997314,2.773688077926636,2.66860294342041,2.9155189990997314,2.773688077926636,18556523.0
1246,2020-09-23,2.836756944656372,2.9303550720214844,2.746303081512451,2.836756944656372,2.9303550720214844,16096650.0
1247,2020-09-24,3.1327149868011475,2.838120937347412,2.795646905899048,3.1327149868011475,2.838120937347412,18993326.0
1248,2020-09-25,3.1886119842529297,3.1455440521240234,2.9117720127105717,3.1886119842529297,3.1455440521240234,15935143.0
1249,2020-09-26,3.1347029209136963,3.1880300045013428,3.041266918182373,3.1347029209136963,3.1880300045013428,11018475.0
1250,2020-09-27,3.152946949005127,3.133837938308716,3.0105509757995605,3.152946949005127,3.133837938308716,9734368.0
1251,2020-09-28,2.9566779136657715,3.152704954147339,2.935954093933105,2.9566779136657715,3.152704954147339,10950201.0
1252,2020-09-29,2.9464330673217773,2.9583609104156494,2.901789903640747,2.9464330673217773,2.9583609104156494,8821253.0
1253,2020-09-30,2.897876024246216,2.9490740299224854,2.835669994354248,2.897876024246216,2.9490740299224854,7767702.0
1254,2020-10-01,2.861027956008911,2.8981618881225586,2.657397985458374,2.861027956008911,2.8981618881225586,10825966.0
1255,2020-10-02,2.6260828971862797,2.864197015762329,2.4577910900115967,2.6260828971862797,2.864197015762329,15856539.0
1256,2020-10-03,2.5473029613494877,2.6273350715637207,2.5473029613494877,2.5473029613494877,2.6273350715637207,6155891.0
1257,2020-10-04,2.5159950256347656,2.5430119037628174,2.428889036178589,2.5159950256347656,2.5430119037628174,7075729.0
1258,2020-10-05,2.657644033432007,2.519134998321533,2.467319965362549,2.657644033432007,2.519134998321533,8105684.0
1259,2020-10-06,2.1762499809265137,2.6552000045776367,2.1476919651031494,2.1762499809265137,2.6552000045776367,9739071.0
1260,2020-10-07,2.2917959690093994,2.175808906555176,2.0957601070404053,2.2917959690093994,2.175808906555176,11759752.0
1261,2020-10-08,2.365220069885254,2.299982070922852,2.0285260677337646,2.365220069885254,2.299982070922852,14931922.0
1262,2020-10-09,2.5398590564727783,2.3677420616149902,2.3170900344848637,2.5398590564727783,2.3677420616149902,12002959.0
1263,2020-10-10,2.406090021133423,2.536932945251465,2.403172016143799,2.406090021133423,2.536932945251465,8842884.0
1264,2020-10-11,2.4265780448913574,2.407366991043091,2.344921112060547,2.4265780448913574,2.407366991043091,7170647.0
1265,2020-10-12,2.587071895599365,2.426115036010742,2.4158620834350586,2.587071895599365,2.426115036010742,12289969.0
1266,2020-10-13,2.404910087585449,2.5848910808563232,2.3481709957122803,2.404910087585449,2.5848910808563232,11415737.0
1267,2020-10-14,2.3146350383758545,2.408195972442627,2.246257066726685,2.3146350383758545,2.408195972442627,9436239.0
1268,2020-10-15,2.2664361000061035,2.3148000240325928,2.203418016433716,2.2664361000061035,2.3148000240325928,8332483.0
1269,2020-10-16,2.149385929107666,2.265199899673462,2.1279211044311523,2.149385929107666,2.265199899673462,13637728.0
1270,2020-10-17,2.201843023300171,2.1456360816955566,2.13240909576416,2.201843023300171,2.1456360816955566,6612612.0
1271,2020-10-18,2.2142670154571533,2.202749967575073,2.1783270835876465,2.2142670154571533,2.202749967575073,6294162.0
1272,2020-10-19,2.058079957962036,2.213371992111206,2.053210973739624,2.058079957962036,2.213371992111206,8248860.0
1273,2020-10-20,1.8886719942092896,2.058101892471313,1.8541539907455444,1.8886719942092896,2.058101892471313,13129043.0
1274,2020-10-21,1.8903779983520508,1.8886120319366453,1.8612350225448608,1.8903779983520508,1.8886120319366453,19275509.0
1275,2020-10-22,1.9556529521942136,1.8903720378875728,1.8898169994354248,1.9556529521942136,1.8903720378875728,11445663.0
1276,2020-10-23,1.960034966468811,1.9570679664611816,1.853309988975525,1.960034966468811,1.9570679664611816,11497445.0
1277,2020-10-24,1.91182804107666,1.960034966468811,1.8823440074920652,1.91182804107666,1.960034966468811,7581827.0
1278,2020-10-25,1.7874590158462524,1.91182804107666,1.7686439752578735,1.7874590158462524,1.91182804107666,9092334.0
1279,2020-10-26,1.6854660511016846,1.7874590158462524,1.6293649673461914,1.6854660511016846,1.7874590158462524,13396736.0
1280,2020-10-27,1.7102320194244385,1.6854660511016846,1.605286955833435,1.7102320194244385,1.6854660511016846,14384427.0
1281,2020-10-28,1.4900530576705933,1.7102320194244385,1.3945720195770264,1.4900530576705933,1.7102320194244385,17089719.0
1282,2020-10-29,1.428936004638672,1.4900530576705933,1.4124259948730469,1.428936004638672,1.4900530576705933,8024138.0
1283,2020-10-30,1.4413360357284546,1.428936004638672,1.3422130346298218,1.4413360357284546,1.428936004638672,8528336.0
1284,2020-10-31,1.5406999588012695,1.4413360357284546,1.429893970489502,1.5406999588012695,1.4413360357284546,6449388.0
1285,2020-11-01,1.5998400449752808,1.5406999588012695,1.5135430097579956,1.5998400449752808,1.5406999588012695,6877557.0
1286,2020-11-02,1.474071979522705,1.5998400449752808,1.4676949977874756,1.474071979522705,1.5998400449752808,6366346.0
1287,2020-11-03,1.4122339487075806,1.474071979522705,1.4121860265731812,1.4122339487075806,1.474071979522705,6536977.0
1288,2020-11-04,1.3922549486160278,1.4122339487075806,1.2818679809570312,1.3922549486160278,1.4122339487075806,11406316.0
1289,2020-11-05,1.4052180051803589,1.3922549486160278,1.3038250207901,1.4052180051803589,1.3922549486160278,8924132.0
1290,2020-11-06,1.9137400388717647,1.4052180051803589,1.4000109434127808,1.9137400388717647,1.4052180051803589,22547497.0
1291,2020-11-07,2.031964063644409,1.9137400388717647,1.8448309898376465,2.031964063644409,1.9137400388717647,51426100.0
1292,2020-11-08,2.1565980911254883,2.031964063644409,1.9744019508361816,2.1565980911254883,2.031964063644409,25931043.0
1293,2020-11-09,2.0286519527435303,2.1565980911254883,1.958752989768982,2.0286519527435303,2.1565980911254883,18210626.0
1294,2020-11-10,2.247987031936645,2.0286519527435303,2.0123209953308105,2.247987031936645,2.0286519527435303,16170833.0
1295,2020-11-11,2.002125024795532,2.247987031936645,1.974164962768555,2.002125024795532,2.247987031936645,13877949.0
1296,2020-11-12,1.8991379737854004,2.002125024795532,1.8317279815673828,1.8991379737854004,2.002125024795532,11506048.0
1297,2020-11-13,2.020792007446289,1.8991379737854004,1.8991379737854004,2.020792007446289,1.8991379737854004,11621744.0
1298,2020-11-14,1.9170160293579104,2.020792007446289,1.8752789497375488,1.9170160293579104,2.020792007446289,8134593.0
1299,2020-11-15,2.04323410987854,1.9170160293579104,1.916847944259644,2.04323410987854,1.9170160293579104,18621333.0
1300,2020-11-16,2.255354881286621,2.04323410987854,1.9948530197143557,2.255354881286621,2.04323410987854,22156135.0
1301,2020-11-17,2.202181100845337,2.2810800075531006,2.1325900554656982,2.202181100845337,2.2810800075531006,17074175.0
1302,2020-11-18,2.1150290966033936,2.202181100845337,2.012692928314209,2.1150290966033936,2.202181100845337,14629648.0
1303,2020-11-19,2.0767691135406494,2.1150290966033936,2.0181660652160645,2.0767691135406494,2.1150290966033936,10155987.0
1304,2020-11-20,2.0953919887542725,2.0767691135406494,2.056972026824951,2.0953919887542725,2.0767691135406494,11113990.0
1305,2020-11-21,2.382205009460449,2.0953919887542725,2.0485239028930664,2.382205009460449,2.0953919887542725,20288343.0
1306,2020-11-22,2.1448450088500977,2.382205009460449,2.0539379119873047,2.1448450088500977,2.382205009460449,16416065.0
1307,2020-11-23,2.276376962661743,2.1448450088500977,2.1203150749206543,2.276376962661743,2.1448450088500977,15487339.0
1308,2020-11-24,2.267966985702514,2.2772409915924072,2.1437950134277344,2.267966985702514,2.2772409915924072,25036626.0
1309,2020-11-25,2.270034074783325,2.2694849967956543,2.182776927947998,2.270034074783325,2.2694849967956543,24870951.0
1310,2020-11-26,1.9030369520187376,2.2665340900421143,1.7414929866790771,1.9030369520187376,2.2665340900421143,33038223.0
1311,2020-11-27,1.8579490184783936,1.9033349752426147,1.7803629636764526,1.8579490184783936,1.9033349752426147,13307808.0
1312,2020-11-28,1.8889349699020384,1.8598250150680544,1.8107099533081052,1.8889349699020384,1.8598250150680544,11661883.0
1313,2020-11-29,1.915155053138733,1.88791298866272,1.8572269678115845,1.915155053138733,1.88791298866272,6139511.0
1314,2020-11-30,1.966891050338745,1.915142059326172,1.911929965019226,1.966891050338745,1.915142059326172,8716571.0
1315,2020-12-01,1.976307988166809,1.9683209657669067,1.932263970375061,1.976307988166809,1.9683209657669067,12847022.0
1316,2020-12-02,2.115401029586792,1.9772659540176392,1.9566999673843384,2.115401029586792,1.9772659540176392,15849828.0
1317,2020-12-03,2.1003708839416504,2.117116928100586,2.0850300788879395,2.1003708839416504,2.117116928100586,18106122.0
1318,2020-12-04,1.8559529781341555,2.098602056503296,1.847344994544983,1.8559529781341555,2.098602056503296,9019864.0
1319,2020-12-05,1.9787739515304563,1.855967998504639,1.8254940509796145,1.9787739515304563,1.855967998504639,7750781.0
1320,2020-12-06,1.8542490005493164,1.978657960891724,1.8158539533615112,1.8542490005493164,1.978657960891724,7167230.0
1321,2020-12-07,1.8311729431152344,1.8534510135650637,1.8094849586486816,1.8311729431152344,1.8534510135650637,6425070.0
1322,2020-12-08,1.6653519868850708,1.8312220573425293,1.6451059579849243,1.6653519868850708,1.8312220573425293,11304051.0
1323,2020-12-09,1.6623040437698364,1.6646219491958618,1.5036760568618774,1.6623040437698364,1.6646219491958618,10461119.0
1324,2020-12-10,1.5741510391235352,1.6624139547348022,1.545240044593811,1.5741510391235352,1.6624139547348022,6167983.0
1325,2020-12-11,1.4445849657058716,1.5723659992218018,1.4406019449234009,1.4445849657058716,1.5723659992218018,8273918.0
1326,2020-12-12,1.4909119606018066,1.4415899515151978,1.4407060146331787,1.4909119606018066,1.4415899515151978,7085231.0
1327,2020-12-13,1.5654560327529907,1.4907150268554688,1.458117961883545,1.5654560327529907,1.4907150268554688,8389349.0
1328,2020-12-14,1.5916459560394287,1.5679680109024048,1.5236979722976685,1.5916459560394287,1.5679680109024048,8672052.0
1329,2020-12-15,1.7606710195541382,1.5910300016403198,1.5892629623413086,1.7606710195541382,1.5910300016403198,19470080.0
1330,2020-12-16,1.7835979461669922,1.76009202003479,1.610018014907837,1.7835979461669922,1.76009202003479,18277631.0
1331,2020-12-17,1.6786340475082395,1.783892035484314,1.6552170515060425,1.6786340475082395,1.783892035484314,15461477.0
1332,2020-12-18,1.698799967765808,1.6790239810943604,1.6369869709014893,1.698799967765808,1.6790239810943604,7879397.0
1333,2020-12-19,1.6686509847640991,1.699267029762268,1.6642630100250244,1.6686509847640991,1.699267029762268,9095045.0
1334,2020-12-20,1.5635759830474854,1.670714020729065,1.5277140140533447,1.5635759830474854,1.670714020729065,9093229.0
1335,2020-12-21,1.5419150590896606,1.5637749433517456,1.4951510429382324,1.5419150590896606,1.5637749433517456,8333991.0
1336,2020-12-22,1.4902859926223757,1.5396089553833008,1.4744850397109983,1.4902859926223757,1.5396089553833008,11066565.0
1337,2020-12-23,1.2056920528411863,1.4902199506759644,1.0901609659194946,1.2056920528411863,1.4902199506759644,16776307.0
1338,2020-12-24,1.3624080419540403,1.207705020904541,1.1730070114135742,1.3624080419540403,1.207705020904541,9236939.0
1339,2020-12-25,1.445402979850769,1.3614959716796875,1.3472360372543335,1.445402979850769,1.3614959716796875,9359549.0
1340,2020-12-26,1.3242379426956177,1.4460140466690063,1.313423991203308,1.3242379426956177,1.4460140466690063,6798656.0
1341,2020-12-27,1.3030420541763306,1.3250739574432373,1.2682499885559082,1.3030420541763306,1.3250739574432373,12286531.0
1342,2020-12-28,1.515684962272644,1.3039929866790771,1.294348955154419,1.515684962272644,1.3039929866790771,12668150.0
1343,2020-12-29,1.6743450164794922,1.515462040901184,1.4397200345993042,1.6743450164794922,1.515462040901184,26355259.0
1344,2020-12-30,1.5354570150375366,1.669693946838379,1.52983295917511,1.5354570150375366,1.669693946838379,12663616.0
1345,2020-12-31,1.5108979940414429,1.535606026649475,1.4302630424499512,1.5108979940414429,1.535606026649475,12763260.0
1346,2021-01-01,1.842084050178528,1.5097750425338743,1.5020380020141602,1.842084050178528,1.5097750425338743,25722549.0
1347,2021-01-02,1.799275040626526,1.845585942268372,1.7214820384979248,1.799275040626526,1.845585942268372,31671064.0
1348,2021-01-03,2.1617519855499268,1.7999019622802734,1.7999019622802734,2.1617519855499268,1.7999019622802734,55073422.0
1349,2021-01-04,2.4850969314575195,2.16241192817688,1.8763420581817627,2.4850969314575195,2.16241192817688,59955405.0
1350,2021-01-05,2.157217025756836,2.4909820556640625,2.077742099761963,2.157217025756836,2.4909820556640625,50555207.0
1351,2021-01-06,1.929216980934143,2.159626007080078,1.9075850248336792,1.929216980934143,2.159626007080078,50263975.0
1352,2021-01-07,2.3727450370788574,1.9365860223770144,1.9330430030822756,2.3727450370788574,1.9365860223770144,159870278.0
1353,2021-01-08,3.219887018203736,2.3687400817871094,2.180928945541382,3.219887018203736,2.3687400817871094,206412154.0
1354,2021-01-09,3.385381937026977,3.223541021347046,2.938307046890259,3.385381937026977,3.223541021347046,91906875.0
1355,2021-01-10,3.466110944747925,3.390026092529297,3.196234941482544,3.466110944747925,3.390026092529297,62766977.0
1356,2021-01-11,3.1080899238586426,3.46106505393982,2.5971240997314453,3.1080899238586426,3.46106505393982,82877500.0
1357,2021-01-12,3.61339807510376,3.1036880016326904,3.0800349712371826,3.61339807510376,3.1036880016326904,73484689.0
1358,2021-01-13,3.513782024383545,3.628382921218872,3.27492094039917,3.513782024383545,3.628382921218872,57994893.0
1359,2021-01-14,3.2781639099121094,3.516036033630371,3.181973934173584,3.2781639099121094,3.516036033630371,59283112.0
1360,2021-01-15,3.2501609325408936,3.2803990840911865,2.9851911067962646,3.2501609325408936,3.2803990840911865,45331739.0
1361,2021-01-16,3.4470551013946533,3.248934030532837,3.248934030532837,3.4470551013946533,3.248934030532837,68035606.0
1362,2021-01-17,3.81813907623291,3.4348700046539307,3.3197460174560547,3.81813907623291,3.4348700046539307,85407766.0
1363,2021-01-18,3.7955150604248047,3.822130918502808,3.655761003494263,3.7955150604248047,3.822130918502808,70601713.0
1364,2021-01-19,3.641865968704224,3.7920429706573486,3.609023094177246,3.641865968704224,3.7920429706573486,44547768.0
1365,2021-01-20,3.723577976226807,3.63557505607605,3.3440840244293213,3.723577976226807,3.63557505607605,46698656.0
1366,2021-01-21,2.9905359745025635,3.721669912338257,2.982696056365967,2.9905359745025635,3.721669912338257,43834765.0
1367,2021-01-22,3.346229076385498,2.989919900894165,2.5409860610961914,3.346229076385498,2.989919900894165,63361382.0
1368,2021-01-23,3.5041120052337646,3.3410348892211914,3.315762042999268,3.5041120052337646,3.3410348892211914,27904470.0
1369,2021-01-24,3.634411096572876,3.507110118865967,3.4894940853118896,3.634411096572876,3.507110118865967,32747555.0
1370,2021-01-25,3.699980974197388,3.634644985198975,3.4513099193573,3.699980974197388,3.634644985198975,80055958.0
1371,2021-01-26,4.04734992980957,3.6989591121673584,3.682631969451904,4.04734992980957,3.6989591121673584,78823456.0
1372,2021-01-27,3.690587043762207,4.048630237579346,3.531601905822754,3.690587043762207,4.048630237579346,35195110.0
1373,2021-01-28,3.8220720291137695,3.6863698959350586,3.6098809242248535,3.8220720291137695,3.6863698959350586,31410527.0
1374,2021-01-29,3.8346760272979736,3.8615810871124263,3.639385938644409,3.8346760272979736,3.8615810871124263,44053151.0
1375,2021-01-30,4.224276065826416,3.837682008743286,3.774104118347168,4.224276065826416,3.837682008743286,53378198.0
1376,2021-01-31,4.264143943786621,4.237314224243164,4.170497894287109,4.264143943786621,4.237314224243164,78376267.0
1377,2021-02-01,4.611601829528809,4.261250972747803,4.118255138397217,4.611601829528809,4.261250972747803,39361629.0
1378,2021-02-02,5.267508029937744,4.613740921020508,4.480119228363037,5.267508029937744,4.613740921020508,98755962.0
1379,2021-02-03,5.71599006652832,5.246592044830322,5.072738170623779,5.71599006652832,5.246592044830322,49386327.0
1380,2021-02-04,6.426064968109131,5.731748104095459,5.603236198425293,6.426064968109131,5.731748104095459,108249482.0
1381,2021-02-05,6.681719779968262,6.435369968414307,6.426446914672852,6.681719779968262,6.435369968414307,92892157.0
1382,2021-02-06,6.110806941986084,6.687301158905029,5.713828086853027,6.110806941986084,6.687301158905029,102365494.0
1383,2021-02-07,6.700462818145752,6.117644786834717,5.76859188079834,6.700462818145752,6.117644786834717,105451103.0
1384,2021-02-08,7.8832502365112305,6.702446937561035,6.488927841186523,7.8832502365112305,6.702446937561035,155254261.0
1385,2021-02-09,7.816792964935303,7.869794845581055,7.570215225219727,7.816792964935303,7.869794845581055,121037873.0
1386,2021-02-10,9.072214126586914,7.818552017211914,7.613846778869629,9.072214126586914,7.818552017211914,120679902.0
1387,2021-02-11,9.215352058410645,9.08035659790039,8.761316299438477,9.215352058410645,9.08035659790039,53600048.0
1388,2021-02-12,9.2470121383667,9.21479034423828,9.079011917114258,9.2470121383667,9.21479034423828,91484664.0
1389,2021-02-13,8.732455253601074,9.23603343963623,8.683009147644043,8.732455253601074,9.23603343963623,91417968.0
1390,2021-02-14,8.738896369934082,8.742988586425781,8.559715270996094,8.738896369934082,8.742988586425781,93500423.0
1391,2021-02-15,8.861739158630371,8.724266052246094,7.840470790863037,8.861739158630371,8.724266052246094,109854635.0
1392,2021-02-16,8.297866821289062,8.860748291015625,7.983557224273682,8.297866821289062,8.860748291015625,71625205.0
1393,2021-02-17,8.222577095031738,8.298688888549805,7.544398784637451,8.222577095031738,8.298688888549805,89948578.0
1394,2021-02-18,8.980451583862305,8.232871055603027,8.232871055603027,8.980451583862305,8.232871055603027,77306770.0
1395,2021-02-19,11.465653419494627,8.97996997833252,8.556981086730957,11.465653419494627,8.97996997833252,261175711.0
1396,2021-02-20,10.002663612365724,11.478087425231934,9.8158540725708,10.002663612365724,11.478087425231934,140264810.0
1397,2021-02-21,11.0855131149292,9.987549781799316,9.887046813964844,11.0855131149292,9.987549781799316,137742366.0
1398,2021-02-22,14.454785346984863,11.073036193847656,9.255904197692873,14.454785346984863,11.073036193847656,574136241.0
1399,2021-02-23,15.2015380859375,14.421626091003418,11.599893569946287,15.2015380859375,14.421626091003418,485252846.0
1400,2021-02-24,17.30270767211914,15.213842391967772,14.861799240112305,17.30270767211914,15.213842391967772,375439707.0
1401,2021-02-25,13.816014289855955,17.230182647705078,13.795912742614746,13.816014289855955,17.230182647705078,364505276.0
1402,2021-02-26,13.58794116973877,13.865891456604004,13.12014102935791,13.58794116973877,13.865891456604004,289687328.0
1403,2021-02-27,13.201168060302734,13.601573944091797,13.057272911071776,13.201168060302734,13.601573944091797,247640940.0
1404,2021-02-28,13.08924674987793,13.20776653289795,11.489982604980469,13.08924674987793,13.20776653289795,300493226.0
1405,2021-03-01,14.955588340759276,13.108434677124023,13.057385444641112,14.955588340759276,13.108434677124023,306451693.0
1406,2021-03-02,13.958921432495115,14.96684455871582,13.460748672485352,13.958921432495115,14.96684455871582,178549852.0
1407,2021-03-03,14.115591049194336,13.963540077209473,13.767048835754396,14.115591049194336,13.963540077209473,153830742.0
1408,2021-03-04,13.097983360290527,14.094866752624512,12.771269798278809,13.097983360290527,14.094866752624512,116364466.0
1409,2021-03-05,12.610443115234377,13.066306114196776,12.184608459472656,12.610443115234377,13.066306114196776,90978408.0
1410,2021-03-06,13.036458015441896,12.569936752319336,11.901227951049805,13.036458015441896,12.569936752319336,118851546.0
1411,2021-03-07,13.877732276916504,13.043927192687988,12.726385116577148,13.877732276916504,13.043927192687988,117548176.0
1412,2021-03-08,13.602188110351562,13.826814651489258,13.08228874206543,13.602188110351562,13.826814651489258,115525659.0
1413,2021-03-09,14.84631061553955,13.615290641784668,13.320186614990234,14.84631061553955,13.615290641784668,134867044.0
1414,2021-03-10,14.231083869934082,14.850929260253906,14.07906436920166,14.231083869934082,14.850929260253906,103150901.0
1415,2021-03-11,15.992279052734377,14.219837188720703,13.704225540161133,15.992279052734377,14.219837188720703,229272516.0
1416,2021-03-12,14.552142143249512,16.020919799804688,14.111228942871094,14.552142143249512,16.020919799804688,185287457.0
1417,2021-03-13,15.308802604675291,14.563802719116213,13.920056343078612,15.308802604675291,14.563802719116213,145102757.0
1418,2021-03-14,14.50826644897461,15.301581382751465,14.378764152526855,14.50826644897461,15.301581382751465,90232804.0
1419,2021-03-15,14.18666172027588,14.477127075195312,13.698057174682615,14.18666172027588,14.477127075195312,102600692.0
1420,2021-03-16,13.622773170471191,14.163911819458008,13.229814529418944,13.622773170471191,14.163911819458008,112303590.0
1421,2021-03-17,14.220203399658203,13.634963989257812,13.130529403686523,14.220203399658203,13.634963989257812,94696339.0
1422,2021-03-18,14.230025291442873,14.21067714691162,13.82728385925293,14.230025291442873,14.21067714691162,79074263.0
1423,2021-03-19,14.204795837402344,14.23264980316162,13.93245792388916,14.204795837402344,14.23264980316162,68715211.0
1424,2021-03-20,14.211980819702148,14.195825576782228,14.152045249938965,14.211980819702148,14.195825576782228,68049683.0
1425,2021-03-21,14.332205772399902,14.218328475952148,13.668253898620604,14.332205772399902,14.218328475952148,64229338.0
1426,2021-03-22,14.919293403625488,14.3502779006958,14.202885627746582,14.919293403625488,14.3502779006958,260995136.0
1427,2021-03-23,14.20483112335205,14.84861946105957,14.097057342529297,14.20483112335205,14.84861946105957,106780662.0
1428,2021-03-24,13.661297798156738,14.190396308898926,13.661297798156738,13.661297798156738,14.190396308898926,118813690.0
1429,2021-03-25,13.02508544921875,13.650586128234863,12.61472511291504,13.02508544921875,13.650586128234863,116277943.0
1430,2021-03-26,14.779420852661133,13.01952838897705,12.370457649230955,14.779420852661133,13.01952838897705,149987319.0
1431,2021-03-27,16.50832176208496,14.786246299743652,14.75804615020752,16.50832176208496,14.786246299743652,223872587.0
1432,2021-03-28,18.016233444213867,16.47942352294922,16.345008850097656,18.016233444213867,16.47942352294922,426120062.0
1433,2021-03-29,18.854808807373047,18.08330345153809,17.700363159179688,18.854808807373047,18.08330345153809,216748601.0
1434,2021-03-30,19.233924865722656,18.891403198242188,18.891403198242188,19.233924865722656,18.891403198242188,264028427.0
1435,2021-03-31,19.465229034423828,19.1016845703125,18.1562557220459,19.465229034423828,19.1016845703125,206011018.0
1436,2021-04-01,19.084901809692383,19.415681838989254,18.84424591064453,19.084901809692383,19.415681838989254,173731886.0
1437,2021-04-02,19.810222625732425,19.084630966186523,18.568418502807617,19.810222625732425,19.084630966186523,131061660.0
1438,2021-04-03,22.552276611328125,19.79645156860352,19.78944969177246,22.552276611328125,19.79645156860352,483057740.0
1439,2021-04-04,24.061323165893555,22.52737045288086,22.212968826293945,24.061323165893555,22.52737045288086,426557980.0
1440,2021-04-05,22.984283447265625,23.9288387298584,22.80645179748535,22.984283447265625,23.9288387298584,264085329.0
1441,2021-04-06,24.95714569091797,22.977840423583984,21.87661361694336,24.95714569091797,22.977840423583984,320886935.0
1442,2021-04-07,26.47808074951172,25.14555931091309,23.089359283447266,26.47808074951172,25.14555931091309,676846221.0
1443,2021-04-08,27.03398704528809,26.51459312438965,25.72493553161621,27.03398704528809,26.51459312438965,377988327.0
1444,2021-04-09,27.77827453613281,26.985803604125977,26.90382575988769,27.77827453613281,26.985803604125977,282477938.0
1445,2021-04-10,26.84140396118164,27.64971160888672,25.96322631835937,26.84140396118164,27.64971160888672,270235258.0
1446,2021-04-11,27.9318904876709,26.80805015563965,25.578319549560547,27.9318904876709,26.80805015563965,232938762.0
1447,2021-04-12,28.51212310791016,27.918367385864254,26.842742919921875,28.51212310791016,27.918367385864254,308804546.0
1448,2021-04-13,27.4355525970459,28.54101181030273,26.4176025390625,27.4355525970459,28.54101181030273,258183912.0
1449,2021-04-14,26.47511100769043,27.40000534057617,24.79202079772949,26.47511100769043,27.40000534057617,342565805.0
1450,2021-04-15,27.81831359863281,26.436843872070312,25.53941535949707,27.81831359863281,26.436843872070312,221346739.0
1451,2021-04-16,25.39736557006836,27.8203239440918,24.97291755676269,25.39736557006836,27.8203239440918,240665351.0
1452,2021-04-17,25.09987449645996,25.36920547485352,25.09987449645996,25.09987449645996,25.36920547485352,201720376.0
1453,2021-04-18,32.30291748046875,25.135501861572266,21.539209365844727,32.30291748046875,25.135501861572266,1155150688.0
1454,2021-04-19,31.67589569091797,32.33952331542969,29.92590713500977,31.67589569091797,32.33952331542969,1219130981.0
1455,2021-04-20,31.77005386352539,31.476289749145508,28.93257141113281,31.77005386352539,31.476289749145508,793008154.0
1456,2021-04-21,32.51304244995117,31.681537628173828,30.1674919128418,32.51304244995117,31.681537628173828,729130141.0
1457,2021-04-22,38.8797607421875,32.68342971801758,31.600690841674805,38.8797607421875,32.68342971801758,1638622971.0
1458,2021-04-23,36.97842025756836,38.8991813659668,31.664270401000977,36.97842025756836,38.8991813659668,1612232268.0
1459,2021-04-24,40.7373161315918,37.25749588012695,34.683292388916016,40.7373161315918,37.25749588012695,1101380795.0
1460,2021-04-25,47.36762619018555,40.8454704284668,40.51201629638672,47.36762619018555,40.8454704284668,1583800800.0
1461,2021-04-26,43.97651672363281,47.54185485839844,43.371726989746094,43.97651672363281,47.54185485839844,1357487872.0
1462,2021-04-27,43.2390022277832,43.89356994628906,42.55732727050781,43.2390022277832,43.89356994628906,904891996.0
1463,2021-04-28,44.825984954833984,43.16144180297852,40.67207336425781,44.825984954833984,43.16144180297852,1021154320.0
1464,2021-04-29,42.460540771484375,44.84994888305664,40.950984954833984,42.460540771484375,44.84994888305664,772259307.0
1465,2021-04-30,42.95600128173828,42.50004577636719,41.24350357055664,42.95600128173828,42.50004577636719,534976437.0
1466,2021-05-01,49.50802230834961,42.89333724975586,42.03086471557617,49.50802230834961,42.89333724975586,859524423.0
1467,2021-05-02,46.89098739624024,49.50080490112305,45.9818229675293,46.89098739624024,49.50080490112305,571072187.0
1468,2021-05-03,45.93368911743164,46.90397644042969,45.04447555541992,45.93368911743164,46.90397644042969,609194252.0
1469,2021-05-04,42.72955703735352,45.983360290527344,42.31310272216797,42.72955703735352,45.983360290527344,682976428.0
1470,2021-05-05,44.92357635498047,42.637237548828125,42.31573486328125,44.92357635498047,42.637237548828125,503781975.0
1471,2021-05-06,43.4556770324707,44.97405242919922,42.591583251953125,43.4556770324707,44.97405242919922,391497018.0
1472,2021-05-07,43.1550178527832,43.50265502929688,41.43837356567383,43.1550178527832,43.50265502929688,514344601.0
1473,2021-05-08,45.56153106689453,43.15206527709961,42.29801940917969,45.56153106689453,43.15206527709961,451056655.0
1474,2021-05-09,44.330196380615234,45.61763000488281,43.29694366455078,44.330196380615234,45.61763000488281,510603312.0
1475,2021-05-10,42.90963363647461,44.34209442138672,39.5588493347168,42.90963363647461,44.34209442138672,499528076.0
1476,2021-05-11,44.57746887207031,42.87227249145508,39.762969970703125,44.57746887207031,42.87227249145508,473731333.0
1477,2021-05-12,42.45730972290039,44.59152603149414,42.45730972290039,42.45730972290039,44.59152603149414,1151668076.0
1478,2021-05-13,40.99785232543945,43.235084533691406,37.526893615722656,40.99785232543945,43.235084533691406,1016860656.0
1479,2021-05-14,42.717864990234375,41.03451919555664,39.98605346679688,42.717864990234375,41.03451919555664,504167711.0
1480,2021-05-15,43.461307525634766,42.69994735717773,39.37460708618164,43.461307525634766,42.69994735717773,500445722.0
1481,2021-05-16,47.200828552246094,43.40169143676758,41.91549682617188,47.200828552246094,43.40169143676758,1990976771.0
1482,2021-05-17,46.86320495605469,46.89802169799805,43.30291748046875,46.86320495605469,46.89802169799805,1951921366.0
1483,2021-05-18,55.91096115112305,46.66041946411133,46.18755722045898,55.91096115112305,46.66041946411133,2025388219.0
1484,2021-05-19,35.107181549072266,56.08925628662109,29.429859161376957,35.107181549072266,56.08925628662109,2772224999.0
1485,2021-05-20,44.74274826049805,35.04304504394531,32.31814193725586,44.74274826049805,35.04304504394531,2487748626.0
1486,2021-05-21,38.81285095214844,44.4472541809082,33.83739471435547,38.81285095214844,44.4472541809082,1769762028.0
1487,2021-05-22,31.315582275390625,38.988380432128906,31.25486183166504,31.315582275390625,38.988380432128906,1078751751.0
1488,2021-05-23,24.68874740600586,31.22576713562012,19.13983917236328,24.68874740600586,31.22576713562012,1925832341.0
1489,2021-05-24,31.283571243286133,24.49831962585449,24.49831962585449,31.283571243286133,24.49831962585449,1346786023.0
1490,2021-05-25,29.99707794189453,31.39634704589844,26.100074768066406,29.99707794189453,31.39634704589844,909470305.0
1491,2021-05-26,35.539817810058594,30.047990798950195,29.008554458618164,35.539817810058594,30.047990798950195,1069991365.0
1492,2021-05-27,33.584590911865234,35.48244857788086,31.12712860107422,33.584590911865234,35.48244857788086,649389058.0
1493,2021-05-28,29.039276123046875,33.6755256652832,28.0671443939209,29.039276123046875,33.6755256652832,600255582.0
1494,2021-05-29,27.376420974731445,29.003129959106445,25.750940322875977,27.376420974731445,29.003129959106445,376859866.0
1495,2021-05-30,28.602659225463867,27.408315658569336,25.650293350219727,28.602659225463867,27.408315658569336,359661704.0
1496,2021-05-31,32.816246032714844,28.60424041748047,27.52474594116211,32.816246032714844,28.60424041748047,534826504.0
1497,2021-06-01,30.985260009765625,32.7708854675293,29.880172729492188,30.985260009765625,32.7708854675293,432053117.0
1498,2021-06-02,33.95631790161133,30.935237884521484,30.43285751342773,33.95631790161133,30.935237884521484,497567418.0
1499,2021-06-03,39.47090530395508,34.01871490478516,33.792232513427734,39.47090530395508,34.01871490478516,960056106.0
1500,2021-06-04,37.415069580078125,39.581302642822266,34.3109016418457,37.415069580078125,39.581302642822266,1056279506.0
1501,2021-06-05,39.58539962768555,37.41737747192383,37.0991096496582,39.58539962768555,37.41737747192383,1112426664.0
1502,2021-06-06,42.30837631225586,39.74912643432617,38.96399688720703,42.30837631225586,39.74912643432617,794387364.0
1503,2021-06-07,38.262332916259766,42.25367736816406,38.09083938598633,38.262332916259766,42.25367736816406,923157614.0
1504,2021-06-08,41.51781463623047,38.25127029418945,33.68545913696289,41.51781463623047,38.25127029418945,1786996802.0
1505,2021-06-09,42.031776428222656,41.27979278564453,39.36863327026367,42.031776428222656,41.27979278564453,1218831041.0
1506,2021-06-10,41.09867477416992,42.0240364074707,39.59678268432617,41.09867477416992,42.0240364074707,595246689.0
1507,2021-06-11,36.046085357666016,41.11015319824219,35.31117248535156,36.046085357666016,41.11015319824219,518666603.0
1508,2021-06-12,36.441688537597656,36.16435241699219,34.31815719604492,36.441688537597656,36.16435241699219,549070417.0
1509,2021-06-13,38.77043533325195,36.51470947265625,34.782989501953125,38.77043533325195,36.51470947265625,452988674.0
1510,2021-06-14,38.71305465698242,38.70452117919922,36.81413269042969,38.71305465698242,38.70452117919922,477871463.0
1511,2021-06-15,41.15364837646485,40.53583908081055,39.435813903808594,41.15364837646485,40.53583908081055,605285143.0
1512,2021-06-16,39.70361709594727,39.54534912109375,37.50349807739258,39.70361709594727,39.54534912109375,576016902.0
1513,2021-06-17,39.264591217041016,39.68927001953125,38.28608322143555,39.264591217041016,39.68927001953125,417775600.0
1514,2021-06-18,36.64879608154297,39.26678466796875,35.0040168762207,36.64879608154297,39.26678466796875,424163369.0
1515,2021-06-19,35.35343551635742,36.81910705566406,34.98160552978516,35.35343551635742,36.81910705566406,264640750.0
1516,2021-06-20,35.32201385498047,35.23702621459961,31.36209487915039,35.32201385498047,35.23702621459961,452587531.0
1517,2021-06-21,26.657400131225582,35.261436462402344,25.949079513549805,26.657400131225582,35.261436462402344,760344541.0
1518,2021-06-22,26.7718563079834,26.592830657958984,20.380443572998047,26.7718563079834,26.592830657958984,1258580061.0
1519,2021-06-23,30.048887252807617,26.91294288635254,25.69648551940918,30.048887252807617,26.91294288635254,1111302687.0
1520,2021-06-24,31.18103408813477,30.846078872680664,28.548385620117188,31.18103408813477,30.846078872680664,641150364.0
1521,2021-06-25,28.698862075805664,31.16853141784668,28.035079956054688,28.698862075805664,31.16853141784668,632052177.0
1522,2021-06-26,29.712854385375977,28.607898712158203,26.710813522338867,29.712854385375977,28.607898712158203,560342710.0
1523,2021-06-27,31.929391860961918,29.75263977050781,29.271196365356445,31.929391860961918,29.75263977050781,497353288.0
1524,2021-06-28,32.92778015136719,31.880830764770508,31.035127639770508,32.92778015136719,31.880830764770508,473612135.0
1525,2021-06-29,33.86680221557617,33.00978469848633,32.7266845703125,33.86680221557617,33.00978469848633,471854279.0
1526,2021-06-30,35.55640411376953,33.96297073364258,31.60135078430176,35.55640411376953,33.96297073364258,570984168.0
1527,2021-07-01,33.40403366088867,35.505653381347656,32.38627243041992,33.40403366088867,35.505653381347656,474665321.0
1528,2021-07-02,34.02048110961914,33.30630874633789,31.479923248291016,34.02048110961914,33.30630874633789,440298780.0
1529,2021-07-03,34.478816986083984,34.01557540893555,33.2984733581543,34.478816986083984,34.01557540893555,327019964.0
1530,2021-07-04,34.31060028076172,34.4951171875,33.55573654174805,34.31060028076172,34.4951171875,303420520.0
1531,2021-07-05,32.984588623046875,34.28255081176758,32.48269271850586,32.984588623046875,34.28255081176758,313839322.0
1532,2021-07-06,34.26913833618164,32.93030548095703,32.93030548095703,34.26913833618164,32.93030548095703,365336040.0
1533,2021-07-07,36.59136962890625,34.23280715942383,33.8420295715332,36.59136962890625,34.23280715942383,519252659.0
1534,2021-07-08,33.20372772216797,36.71971893310547,32.80227279663086,33.20372772216797,36.71971893310547,498201257.0
1535,2021-07-09,33.2646484375,33.13433074951172,31.99104881286621,33.2646484375,33.13433074951172,327170629.0
1536,2021-07-10,31.78864479064941,33.31843948364258,31.18678474426269,31.78864479064941,33.31843948364258,296566657.0
1537,2021-07-11,32.17784118652344,31.693038940429688,31.41175651550293,32.17784118652344,31.693038940429688,211679810.0
1538,2021-07-12,30.848087310791016,32.17338943481445,30.074201583862305,30.848087310791016,32.17338943481445,221058993.0
1539,2021-07-13,29.12118911743164,30.78640365600586,28.918607711791992,29.12118911743164,30.78640365600586,197825362.0
1540,2021-07-14,31.2810001373291,29.14269256591797,27.515703201293945,31.2810001373291,29.14269256591797,331866434.0
1541,2021-07-15,28.45210075378418,31.360700607299805,28.00840377807617,28.45210075378418,31.360700607299805,329918376.0
1542,2021-07-16,26.37000846862793,28.5490665435791,26.228809356689453,26.37000846862793,28.5490665435791,374718328.0
1543,2021-07-17,26.721668243408203,26.25412368774414,26.04067039489746,26.721668243408203,26.25412368774414,289689475.0
1544,2021-07-18,26.751909255981445,26.78417015075684,26.36097717285156,26.751909255981445,26.78417015075684,230336396.0
1545,2021-07-19,24.44757652282715,26.671239852905277,24.012245178222656,24.44757652282715,26.671239852905277,361915410.0
1546,2021-07-20,23.48955535888672,24.51030158996582,22.17754173278809,23.48955535888672,24.51030158996582,413439963.0
1547,2021-07-21,26.62307929992676,23.443456649780277,22.86536979675293,26.62307929992676,23.443456649780277,555770206.0
1548,2021-07-22,27.70208168029785,26.66532325744629,25.95220947265625,27.70208168029785,26.66532325744629,364666998.0
1549,2021-07-23,28.513879776000977,27.70650863647461,26.425710678100582,28.513879776000977,27.70650863647461,407955237.0
1550,2021-07-24,28.702619552612305,28.517900466918945,28.06863784790039,28.702619552612305,28.517900466918945,353750758.0
1551,2021-07-25,28.168773651123047,28.64940071105957,26.528553009033203,28.168773651123047,28.64940071105957,309208018.0
1552,2021-07-26,28.306642532348636,28.227025985717773,27.903797149658203,28.306642532348636,28.227025985717773,743673802.0
1553,2021-07-27,28.065326690673828,28.210498809814453,27.005430221557617,28.065326690673828,28.210498809814453,375599550.0
1554,2021-07-28,27.815410614013672,28.145641326904297,27.41233253479004,27.815410614013672,28.145641326904297,315682626.0
1555,2021-07-29,31.281137466430664,27.877975463867188,27.372438430786133,31.281137466430664,27.877975463867188,448009571.0
1556,2021-07-30,32.393943786621094,31.275415420532227,30.067672729492188,32.393943786621094,31.275415420532227,617830199.0
1557,2021-07-31,36.82731246948242,32.35328674316406,31.68321990966797,36.82731246948242,32.35328674316406,587168181.0
1558,2021-08-01,34.25436019897461,36.67912673950195,33.28300476074219,34.25436019897461,36.67912673950195,490639931.0
1559,2021-08-02,33.22241973876953,34.1905632019043,33.06065368652344,33.22241973876953,34.1905632019043,407399691.0
1560,2021-08-03,33.99644088745117,33.19142532348633,32.40266036987305,33.99644088745117,33.19142532348633,474629269.0
1561,2021-08-04,35.76362609863281,34.10835647583008,33.2731819152832,35.76362609863281,34.10835647583008,413657602.0
1562,2021-08-05,37.35513687133789,35.771976470947266,35.53385543823242,37.35513687133789,35.771976470947266,595137193.0
1563,2021-08-06,39.446102142333984,37.3553581237793,35.68829345703125,39.446102142333984,37.3553581237793,589190671.0
1564,2021-08-07,39.40347290039063,39.49230194091797,37.62660217285156,39.40347290039063,39.49230194091797,534979916.0
1565,2021-08-08,37.673824310302734,39.46590423583984,36.935577392578125,37.673824310302734,39.46590423583984,358570315.0
1566,2021-08-09,38.76778411865234,37.66049575805664,36.48117065429688,38.76778411865234,37.66049575805664,377034585.0
1567,2021-08-10,40.63979721069336,38.678810119628906,38.22317123413086,40.63979721069336,38.678810119628906,452480699.0
1568,2021-08-11,41.74411392211914,40.64894104003906,40.62823867797852,41.74411392211914,40.64894104003906,507980107.0
1569,2021-08-12,41.09936141967773,41.70451354980469,39.38155746459961,41.09936141967773,41.70451354980469,527833804.0
1570,2021-08-13,44.89450073242188,41.1143684387207,40.72161865234375,44.89450073242188,41.1143684387207,541894525.0
1571,2021-08-14,44.11285018920898,44.85142517089844,42.93766021728516,44.11285018920898,44.85142517089844,363834257.0
1572,2021-08-15,53.74515914916992,44.14995574951172,43.450008392333984,53.74515914916992,44.14995574951172,1448656564.0
1573,2021-08-16,62.432464599609375,53.5411491394043,52.465850830078125,62.432464599609375,53.5411491394043,3799339365.0
1574,2021-08-17,64.21070861816406,62.11532974243164,58.9813346862793,64.21070861816406,62.11532974243164,4043742154.0
1575,2021-08-18,72.5433120727539,64.16835021972656,60.26971435546875,72.5433120727539,64.16835021972656,4507409622.0
1576,2021-08-19,72.75760650634766,72.83856201171875,68.6104965209961,72.75760650634766,72.83856201171875,2467398203.0
1577,2021-08-20,78.72461700439453,72.7489013671875,70.93728637695312,78.72461700439453,72.7489013671875,1844455899.0
1578,2021-08-21,73.75621032714844,78.69892883300781,72.69692993164062,73.75621032714844,78.69892883300781,1513097171.0
1579,2021-08-22,72.80391693115234,73.86833953857422,71.55394744873047,72.80391693115234,73.86833953857422,968933849.0
1580,2021-08-23,75.70803833007812,72.7694091796875,71.68074798583984,75.70803833007812,72.7694091796875,1372134245.0
1581,2021-08-24,70.67090606689453,75.7801742553711,68.61978912353516,70.67090606689453,75.7801742553711,2153611667.0
1582,2021-08-25,71.95156860351562,70.67996215820312,66.22276306152344,71.95156860351562,70.67996215820312,1551240766.0
1583,2021-08-26,75.31620788574219,71.97343444824219,66.26455688476562,75.31620788574219,71.97343444824219,2713050538.0
1584,2021-08-27,88.08698272705078,74.81178283691406,72.71512603759766,88.08698272705078,74.81178283691406,3263988286.0
1585,2021-08-28,96.7031707763672,88.00001525878906,85.79064178466797,96.7031707763672,88.00001525878906,2580080503.0
1586,2021-08-29,94.46967315673828,96.56397247314452,90.99362182617188,94.46967315673828,96.56397247314452,1830344091.0
1587,2021-08-30,110.54480743408205,94.3448715209961,94.0377197265625,110.54480743408205,94.3448715209961,5274104165.0
1588,2021-08-31,108.48377227783205,109.7561492919922,103.35130310058594,108.48377227783205,109.7561492919922,7590894022.0
1589,2021-09-01,111.0330047607422,107.4444808959961,106.27082061767578,111.0330047607422,107.4444808959961,3974443896.0
1590,2021-09-02,128.10238647460938,110.73123931884766,109.65261840820312,128.10238647460938,110.73123931884766,5074399603.0
1591,2021-09-03,146.5830535888672,128.3890838623047,128.3890838623047,146.5830535888672,128.3890838623047,7526373837.0
1592,2021-09-04,139.11306762695312,146.4184112548828,136.44955444335938,139.11306762695312,146.4184112548828,3970422964.0
1593,2021-09-05,142.0708770751953,138.99014282226562,135.07997131347656,142.0708770751953,138.99014282226562,2996918105.0
1594,2021-09-06,164.38092041015625,142.0628204345703,138.0382080078125,164.38092041015625,142.0628204345703,5774090688.0
1595,2021-09-07,173.14892578125,164.18368530273438,133.10025024414062,173.14892578125,164.18368530273438,17068643416.0
1596,2021-09-08,191.04139709472656,173.278564453125,147.99118041992188,191.04139709472656,173.278564453125,13187213606.0
1597,2021-09-09,188.19580078125,209.4707946777344,181.4458770751953,188.19580078125,209.4707946777344,12676272744.0
1598,2021-09-10,179.865234375,187.61280822753903,168.69082641601562,179.865234375,187.61280822753903,7087524572.0
1599,2021-09-11,178.8678741455078,179.36622619628906,175.56541442871094,178.8678741455078,179.36622619628906,5367389010.0
1600,2021-09-12,174.53762817382812,179.23016357421875,170.5845947265625,174.53762817382812,179.23016357421875,3012633094.0
1601,2021-09-13,169.26954650878906,174.41845703125,150.9744110107422,169.26954650878906,174.41845703125,6437530449.0
1602,2021-09-14,158.09481811523438,169.77452087402344,143.55311584472656,158.09481811523438,169.77452087402344,5799758794.0
1603,2021-09-15,159.1173858642578,158.41543579101562,154.2395477294922,159.1173858642578,158.41543579101562,3908939772.0
1604,2021-09-16,152.47406005859375,158.80728149414062,147.6532745361328,152.47406005859375,158.80728149414062,3215168472.0
1605,2021-09-17,147.5930633544922,152.3514404296875,135.24522399902344,147.5930633544922,152.3514404296875,4675731485.0
1606,2021-09-18,169.18421936035156,147.44876098632812,144.3922576904297,169.18421936035156,147.44876098632812,5415012910.0
1607,2021-09-19,152.51669311523438,169.22633361816406,151.2509765625,152.51669311523438,169.22633361816406,3350530308.0
1608,2021-09-20,132.13446044921875,152.7944793701172,131.2610321044922,132.13446044921875,152.7944793701172,5623667250.0
1609,2021-09-21,123.9503936767578,132.76231384277344,116.34320068359376,123.9503936767578,132.76231384277344,5243953819.0
1610,2021-09-22,147.92425537109375,124.17745208740234,122.34915924072266,147.92425537109375,124.17745208740234,4952222859.0
1611,2021-09-23,149.75357055664062,148.05516052246094,143.20126342773438,149.75357055664062,148.05516052246094,3389212044.0
1612,2021-09-24,139.39564514160156,149.9354705810547,128.8013153076172,139.39564514160156,149.9354705810547,3852350632.0
1613,2021-09-25,136.17892456054688,139.2965545654297,134.10775756835938,136.17892456054688,139.2965545654297,2037106949.0
1614,2021-09-26,135.69937133789062,136.21615600585938,125.11542510986328,135.69937133789062,136.21615600585938,2674182809.0
1615,2021-09-27,136.72842407226562,135.93136596679688,133.98428344726562,136.72842407226562,135.93136596679688,2867246888.0
1616,2021-09-28,131.53721618652344,136.5089111328125,128.2448272705078,131.53721618652344,136.5089111328125,2422542861.0
1617,2021-09-29,135.35145568847656,132.33853149414062,131.2336883544922,135.35145568847656,132.33853149414062,2428105040.0
1618,2021-09-30,141.0690460205078,135.41290283203125,134.31326293945312,141.0690460205078,135.41290283203125,2244376110.0
1619,2021-10-01,161.682373046875,141.38291931152344,138.4369354248047,161.682373046875,141.38291931152344,4387488320.0
1620,2021-10-02,169.093017578125,161.59439086914062,156.3223419189453,169.093017578125,161.59439086914062,3471658582.0
1621,2021-10-03,172.5891571044922,169.11370849609375,166.07000732421875,172.5891571044922,169.11370849609375,3149579954.0
1622,2021-10-04,166.73191833496094,172.9616241455078,162.77333068847656,166.73191833496094,172.9616241455078,3109040100.0
1623,2021-10-05,164.11582946777344,166.99496459960938,160.59315490722656,164.11582946777344,166.99496459960938,2541087419.0
1624,2021-10-06,154.1077423095703,164.60519409179688,150.76837158203125,154.1077423095703,164.60519409179688,3259712887.0
1625,2021-10-07,154.28118896484375,153.96115112304688,150.5420379638672,154.28118896484375,153.96115112304688,2579187256.0
1626,2021-10-08,158.94920349121094,154.2565460205078,152.75576782226562,158.94920349121094,154.2565460205078,2781848650.0
1627,2021-10-09,156.82583618164062,158.70469665527344,154.8697967529297,156.82583618164062,158.70469665527344,1522023824.0
1628,2021-10-10,148.0487060546875,156.75192260742188,146.8982391357422,148.0487060546875,156.75192260742188,1556965341.0
1629,2021-10-11,144.85813903808594,147.80044555664062,140.3639678955078,144.85813903808594,147.80044555664062,1851795187.0
1630,2021-10-12,152.73712158203125,145.00765991210938,137.8115692138672,152.73712158203125,145.00765991210938,2853992440.0
1631,2021-10-13,148.17604064941406,152.52392578125,144.40786743164062,148.17604064941406,152.52392578125,2105226551.0
1632,2021-10-14,149.75680541992188,148.01727294921875,147.3309326171875,149.75680541992188,148.01727294921875,1948101208.0
1633,2021-10-15,162.59620666503906,150.04660034179688,146.98483276367188,162.59620666503906,150.04660034179688,3970589003.0
1634,2021-10-16,157.538818359375,163.0070343017578,156.73756408691406,157.538818359375,163.0070343017578,1531502795.0
1635,2021-10-17,159.74380493164062,157.46356201171875,154.09034729003906,159.74380493164062,157.46356201171875,2168838138.0
1636,2021-10-18,157.2312774658203,159.9974822998047,155.0302276611328,157.2312774658203,159.9974822998047,1698878759.0
1637,2021-10-19,156.01702880859375,157.210205078125,153.22100830078125,156.01702880859375,157.210205078125,1400902548.0
1638,2021-10-20,175.94686889648438,155.88339233398438,155.19984436035156,175.94686889648438,155.88339233398438,3315306825.0
1639,2021-10-21,190.3184356689453,176.7655487060547,176.7655487060547,190.3184356689453,176.7655487060547,6865815461.0
1640,2021-10-22,196.43153381347656,190.45489501953125,188.27362060546875,196.43153381347656,190.45489501953125,7486821306.0
1641,2021-10-23,197.703857421875,196.30047607421875,192.5627593994141,197.703857421875,196.30047607421875,3253670286.0
1642,2021-10-24,202.3619842529297,197.97311401367188,185.5724334716797,202.3619842529297,197.97311401367188,3413057378.0
1643,2021-10-25,210.1042938232422,202.3164825439453,198.2024383544922,210.1042938232422,202.3164825439453,4837376169.0
1644,2021-10-26,199.8072509765625,209.5316467285156,197.4866485595703,199.8072509765625,209.5316467285156,3194205752.0
1645,2021-10-27,183.77459716796875,199.87448120117188,178.73086547851562,183.77459716796875,199.87448120117188,4552692842.0
1646,2021-10-28,194.86398315429688,184.5157012939453,182.217529296875,194.86398315429688,184.5157012939453,3463958628.0
1647,2021-10-29,200.1827545166016,194.90643310546875,194.90643310546875,200.1827545166016,194.90643310546875,2468703579.0
1648,2021-10-30,195.4160614013672,200.2257232666016,187.8165740966797,195.4160614013672,200.2257232666016,1732207667.0
1649,2021-10-31,202.4210205078125,195.77377319335935,186.06298828125,202.4210205078125,195.77377319335935,2577364486.0
1650,2021-11-01,203.5450897216797,202.62921142578125,198.2389678955078,203.5450897216797,202.62921142578125,3157612663.0
1651,2021-11-02,220.23959350585935,203.51791381835935,201.18038940429688,220.23959350585935,203.51791381835935,3020087232.0
1652,2021-11-03,242.89881896972656,221.0767517089844,216.1961975097656,242.89881896972656,221.0767517089844,6024951132.0
1653,2021-11-04,247.3877716064453,243.09780883789065,235.15087890625,247.3877716064453,243.09780883789065,4440296290.0
1654,2021-11-05,236.47433471679688,247.27093505859372,231.1608123779297,236.47433471679688,247.27093505859372,2752870913.0
1655,2021-11-06,258.934326171875,236.4927520751953,235.2899627685547,258.934326171875,236.4927520751953,3869779683.0
1656,2021-11-07,249.823486328125,258.78155517578125,246.12242126464844,249.823486328125,258.78155517578125,2624869522.0
1657,2021-11-08,248.46717834472656,249.9792633056641,241.14013671875,248.46717834472656,249.9792633056641,3344410176.0
1658,2021-11-09,239.213134765625,248.3568420410156,237.89529418945312,239.213134765625,248.3568420410156,2819309492.0
1659,2021-11-10,233.77952575683597,239.1337432861328,218.3885498046875,233.77952575683597,239.1337432861328,3873202098.0
1660,2021-11-11,234.24075317382807,233.9139862060547,229.7485198974609,234.24075317382807,233.9139862060547,2693456862.0
1661,2021-11-12,228.5020904541016,233.7212677001953,221.25294494628903,228.5020904541016,233.7212677001953,3022054714.0
1662,2021-11-13,241.8250274658203,228.59625244140625,225.075927734375,241.8250274658203,228.59625244140625,2322796265.0
1663,2021-11-14,238.42552185058597,241.8621063232422,230.6894073486328,238.42552185058597,241.8621063232422,1705211600.0
1664,2021-11-15,237.55360412597656,238.7313995361328,235.0991058349609,237.55360412597656,238.7313995361328,2414551003.0
1665,2021-11-16,219.2390289306641,238.4971466064453,215.4420928955078,219.2390289306641,238.4971466064453,3557977024.0
1666,2021-11-17,218.7152404785156,219.29563903808597,210.0269470214844,218.7152404785156,219.29563903808597,2982505239.0
1667,2021-11-18,195.48741149902344,218.8755798339844,187.67312622070312,195.48741149902344,218.8755798339844,3911214658.0
1668,2021-11-19,215.28001403808597,195.0662841796875,189.7501678466797,215.28001403808597,195.0662841796875,3431624914.0
1669,2021-11-20,218.0152740478516,215.4069061279297,206.28587341308597,218.0152740478516,215.4069061279297,2003638941.0
1670,2021-11-21,231.2826232910156,217.78402709960935,210.8097381591797,231.2826232910156,217.78402709960935,2636480460.0
1671,2021-11-22,215.73727416992188,230.98963928222656,212.03009033203125,215.73727416992188,230.98963928222656,3254258844.0
1672,2021-11-23,221.8368988037109,215.84295654296875,211.31222534179688,221.8368988037109,215.84295654296875,2328763768.0
1673,2021-11-24,214.92153930664065,221.8606109619141,200.5026092529297,214.92153930664065,221.8606109619141,2293934142.0
1674,2021-11-25,206.25299072265625,205.88616943359372,202.3234100341797,206.25299072265625,205.88616943359372,2586718627.0
1675,2021-11-26,191.51174926757807,210.04827880859372,184.32827758789065,191.51174926757807,210.04827880859372,3380122748.0
1676,2021-11-27,193.10215759277344,192.2835693359375,191.04054260253903,193.10215759277344,192.2835693359375,1443178833.0
1677,2021-11-28,200.67665100097656,193.27560424804688,182.37245178222656,200.67665100097656,193.27560424804688,2033215941.0
1678,2021-11-29,204.31936645507807,200.8212738037109,199.9542999267578,204.31936645507807,200.8212738037109,2110532147.0
1679,2021-11-30,208.6709899902344,204.23294067382807,200.08433532714844,208.6709899902344,204.23294067382807,2888387657.0
1680,2021-12-01,229.7992401123047,208.3931579589844,208.1522674560547,229.7992401123047,208.3931579589844,3532771294.0
1681,2021-12-02,233.9930419921875,229.85470581054688,220.38717651367188,233.9930419921875,229.85470581054688,4074103518.0
1682,2021-12-03,211.22439575195312,233.60189819335935,207.32977294921875,211.22439575195312,233.60189819335935,4061060881.0
1683,2021-12-04,201.1248321533203,212.1123809814453,171.55357360839844,201.1248321533203,212.1123809814453,5949505665.0
1684,2021-12-05,196.1682586669922,200.78060913085935,182.01681518554688,196.1682586669922,200.78060913085935,3402591975.0
1685,2021-12-06,194.19921875,196.5474853515625,176.8880615234375,194.19921875,196.5474853515625,3693853028.0
1686,2021-12-07,190.59690856933597,194.27659606933597,188.2808074951172,190.59690856933597,194.27659606933597,2556849839.0
1687,2021-12-08,194.6217041015625,190.5050048828125,184.13270568847656,194.6217041015625,190.5050048828125,2277446203.0
1688,2021-12-09,181.17808532714844,194.48329162597656,178.79214477539062,181.17808532714844,194.48329162597656,1968182104.0
1689,2021-12-10,167.954833984375,181.46755981445312,167.954833984375,167.954833984375,181.46755981445312,2118266396.0
1690,2021-12-11,171.94949340820312,167.9166259765625,161.86000061035156,171.94949340820312,167.9166259765625,1877844189.0
1691,2021-12-12,173.43167114257812,171.9483184814453,167.8612518310547,173.43167114257812,171.9483184814453,1196808540.0
1692,2021-12-13,155.2130584716797,173.0999298095703,148.5718231201172,155.2130584716797,173.0999298095703,2547597256.0
1693,2021-12-14,153.34144592285156,155.14166259765625,150.11798095703125,153.34144592285156,155.14166259765625,2604045117.0
1694,2021-12-15,178.34078979492188,161.35890197753906,157.65321350097656,178.34078979492188,161.35890197753906,3783787658.0
1695,2021-12-16,176.9546661376953,178.59153747558594,174.4509735107422,176.9546661376953,178.59153747558594,2766320569.0
1696,2021-12-17,175.5032958984375,176.8949737548828,168.51873779296875,175.5032958984375,176.8949737548828,2711688386.0
1697,2021-12-18,182.8351287841797,175.65635681152344,171.19656372070312,182.8351287841797,175.65635681152344,1690397976.0
1698,2021-12-19,180.09805297851562,182.8509063720703,178.75502014160156,180.09805297851562,182.8509063720703,1678714066.0
1699,2021-12-20,173.67178344726562,179.9777374267578,168.6835174560547,173.67178344726562,179.9777374267578,1982986558.0
1700,2021-12-21,180.09254455566406,173.69439697265625,170.49063110351562,180.09254455566406,173.69439697265625,1821107818.0
1701,2021-12-22,178.5971221923828,179.85833740234375,177.42733764648438,178.5971221923828,179.85833740234375,1889229699.0
1702,2021-12-23,190.03631591796875,178.5027618408203,176.116455078125,190.03631591796875,178.5027618408203,2191634326.0
1703,2021-12-24,190.273193359375,190.1028594970703,185.01937866210935,190.273193359375,190.1028594970703,2286837232.0
1704,2021-12-25,193.1209259033203,190.53160095214844,189.0322265625,193.1209259033203,190.53160095214844,1443209769.0
1705,2021-12-26,198.000732421875,192.92051696777344,190.8236846923828,198.000732421875,192.92051696777344,1971114647.0
1706,2021-12-27,195.42950439453125,197.88340759277344,195.16079711914065,195.42950439453125,197.88340759277344,1800094698.0
1707,2021-12-28,177.42562866210938,195.6216583251953,177.0403594970703,177.42562866210938,195.6216583251953,2826063568.0
1708,2021-12-29,170.65756225585938,177.3890380859375,170.44342041015625,170.65756225585938,177.3890380859375,2175731146.0
1709,2021-12-30,172.75119018554688,170.76478576660156,168.3984832763672,172.75119018554688,170.76478576660156,1540637869.0
1710,2021-12-31,170.299072265625,172.70384216308594,168.31207275390625,170.299072265625,172.70384216308594,1567918820.0
1711,2022-01-01,178.5179443359375,170.3108367919922,170.19554138183594,178.5179443359375,170.3108367919922,1084780603.0
1712,2022-01-02,176.38284301757812,178.53240966796875,175.01231384277344,176.38284301757812,178.53240966796875,995389409.0
1713,2022-01-03,170.29774475097656,176.3863067626953,167.5339813232422,170.29774475097656,176.3863067626953,1345778058.0
1714,2022-01-04,167.93890380859375,170.28611755371094,166.74012756347656,167.93890380859375,170.28611755371094,1499265336.0
1715,2022-01-05,155.0997314453125,167.94033813476562,148.2161102294922,155.0997314453125,167.94033813476562,2123759721.0
1716,2022-01-06,150.4313507080078,155.10592651367188,146.66766357421875,150.4313507080078,155.10592651367188,2097172620.0
1717,2022-01-07,136.40281677246094,150.4134063720703,135.14999389648438,136.40281677246094,150.4134063720703,2926269672.0
1718,2022-01-08,142.51345825195312,136.40016174316406,134.02101135253906,142.51345825195312,136.40016174316406,2730000333.0
1719,2022-01-09,140.83900451660156,142.54312133789062,138.39410400390625,140.83900451660156,142.54312133789062,1599123912.0
1720,2022-01-10,135.95494079589844,140.83363342285156,130.7969970703125,135.95494079589844,140.83363342285156,2040883379.0
1721,2022-01-11,140.18385314941406,135.94090270996094,134.13397216796875,140.18385314941406,135.94090270996094,1554197314.0
1722,2022-01-12,151.70310974121094,140.20375061035156,138.5462646484375,151.70310974121094,140.20375061035156,2242337550.0
1723,2022-01-13,146.01004028320312,151.6905975341797,146.01004028320312,146.01004028320312,151.6905975341797,2177023564.0
1724,2022-01-14,146.15902709960938,146.02590942382812,142.39068603515625,146.15902709960938,146.02590942382812,1822320951.0
1725,2022-01-15,147.80117797851562,146.18002319335938,144.4191436767578,147.80117797851562,146.18002319335938,1123271784.0
1726,2022-01-16,147.8565216064453,147.78660583496094,146.4017791748047,147.8565216064453,147.78660583496094,1172854751.0
1727,2022-01-17,139.92601013183594,147.8767852783203,137.50003051757812,139.92601013183594,147.8767852783203,1487772250.0
1728,2022-01-18,141.58718872070312,139.93276977539062,134.8957977294922,141.58718872070312,139.93276977539062,1449435942.0
1729,2022-01-19,135.79238891601562,141.5469970703125,133.3551788330078,135.79238891601562,141.5469970703125,1444663456.0
1730,2022-01-20,127.20528411865234,135.7913360595703,127.17404174804688,127.20528411865234,135.7913360595703,984099352.0
1731,2022-01-21,111.96605682373048,127.33333587646484,107.90899658203124,111.96605682373048,127.33333587646484,3771688473.0
1732,2022-01-22,94.1783676147461,111.9765396118164,89.28715515136719,94.1783676147461,111.9765396118164,4039466376.0
1733,2022-01-23,99.5782241821289,94.30760192871094,93.5934829711914,99.5782241821289,94.30760192871094,2548191912.0
1734,2022-01-24,91.65016174316406,99.61751556396484,81.2260513305664,91.65016174316406,99.61751556396484,4664539688.0
1735,2022-01-25,94.72035217285156,91.66015625,87.75712585449219,94.72035217285156,91.66015625,2842652332.0
1736,2022-01-26,92.23804473876952,94.71883392333984,89.80755615234375,92.23804473876952,94.71883392333984,3177186515.0
1737,2022-01-27,89.63249206542969,92.21805572509766,86.18603515625,89.63249206542969,92.21805572509766,2513945822.0
1738,2022-01-28,91.31289672851562,89.52909088134766,87.5742416381836,91.31289672851562,89.52909088134766,2156098049.0
1739,2022-01-29,96.2234878540039,91.35469818115234,90.96379852294922,96.2234878540039,91.35469818115234,1727329992.0
1740,2022-01-30,93.29767608642578,96.2490005493164,91.70702362060548,93.29767608642578,96.2490005493164,1110338981.0
1741,2022-01-31,99.73883819580078,93.3011703491211,89.58599090576172,99.73883819580078,93.3011703491211,1888454241.0
1742,2022-02-01,109.9789810180664,99.72594451904295,99.47785949707033,109.9789810180664,99.72594451904295,3568466349.0
1743,2022-02-02,101.8376007080078,110.01945495605467,97.735595703125,101.8376007080078,110.01945495605467,3297984784.0
1744,2022-02-03,101.45903778076172,101.8281021118164,94.63531494140624,101.45903778076172,101.8281021118164,2618951519.0
1745,2022-02-04,112.17424774169922,101.34093475341795,100.67737579345705,112.17424774169922,101.34093475341795,3121470028.0
1746,2022-02-05,113.89430236816406,112.20548248291016,110.53406524658205,113.89430236816406,112.20548248291016,2337469324.0
1747,2022-02-06,115.2997589111328,113.90282440185548,112.18635559082033,115.2997589111328,113.90282440185548,1488437091.0
1748,2022-02-07,117.35514831542967,115.27619171142578,113.14046478271484,117.35514831542967,115.27619171142578,2501444983.0
1749,2022-02-08,113.5954818725586,117.4089126586914,110.241943359375,113.5954818725586,117.4089126586914,2670414753.0
1750,2022-02-09,114.01937866210938,113.5340347290039,109.97865295410156,114.01937866210938,113.5340347290039,1844036035.0
1751,2022-02-10,106.20280456542967,114.02164459228516,106.20280456542967,106.20280456542967,114.02164459228516,2534257400.0
1752,2022-02-11,96.3818817138672,106.22976684570312,95.60428619384766,96.3818817138672,106.22976684570312,2244853464.0
1753,2022-02-12,95.91820526123048,96.4014892578125,93.49864196777344,95.91820526123048,96.4014892578125,1722515979.0
1754,2022-02-13,93.24410247802734,95.89258575439452,91.81570434570312,93.24410247802734,95.89258575439452,1150014559.0
1755,2022-02-14,96.43327331542967,93.19368743896484,91.20769500732422,96.43327331542967,93.19368743896484,1787236369.0
1756,2022-02-15,104.87330627441406,96.43740844726562,96.43329620361328,104.87330627441406,96.43740844726562,2134576044.0
1757,2022-02-16,101.93289947509766,104.92504119873048,98.58037567138672,101.93289947509766,104.92504119873048,1908954820.0
1758,2022-02-17,93.4104232788086,101.89823150634766,92.6762466430664,93.4104232788086,101.89823150634766,1872498133.0
1759,2022-02-18,90.06546020507812,93.46298217773438,89.70610809326172,90.06546020507812,93.46298217773438,1669246812.0
1760,2022-02-19,91.49665069580078,90.0518798828125,88.95311737060547,91.49665069580078,90.0518798828125,1084605729.0
1761,2022-02-20,90.9014129638672,91.44432067871094,86.01744079589844,90.9014129638672,91.44432067871094,1912980153.0
1762,2022-02-21,83.12316131591797,90.88302612304688,83.11844635009766,83.12316131591797,90.88302612304688,2892900595.0
1763,2022-02-22,86.46538543701172,83.10639953613281,81.2048568725586,86.46538543701172,83.10639953613281,2046554018.0
1764,2022-02-23,84.90278625488281,86.47079467773438,84.90278625488281,84.90278625488281,86.47079467773438,2293962445.0
1765,2022-02-24,89.19474792480469,84.86357879638672,76.85957336425781,89.19474792480469,84.86357879638672,5253578948.0
1766,2022-02-25,92.59882354736328,89.22813415527344,87.27616119384766,92.59882354736328,89.22813415527344,3069242551.0
1767,2022-02-26,90.14156341552734,92.6088638305664,89.75767517089844,90.14156341552734,92.6088638305664,1721041901.0
1768,2022-02-27,85.51905059814453,90.1246337890625,84.49292755126953,85.51905059814453,90.1246337890625,2012522473.0
1769,2022-02-28,99.52034759521484,85.50110626220703,84.57584381103516,99.52034759521484,85.50110626220703,3457872746.0
1770,2022-03-01,98.65355682373048,99.54046630859376,94.89342498779295,98.65355682373048,99.54046630859376,3225742519.0
1771,2022-03-02,100.6496353149414,98.6490707397461,97.10579681396484,100.6496353149414,98.6490707397461,3800592927.0
1772,2022-03-03,95.53919982910156,100.65377044677734,94.37796020507812,95.53919982910156,100.65377044677734,2309311748.0
1773,2022-03-04,88.24597930908203,95.5670394897461,87.554443359375,88.24597930908203,95.5670394897461,2592829728.0
1774,2022-03-05,89.64784240722656,88.29053497314453,86.2888412475586,89.64784240722656,88.29053497314453,1437161887.0
1775,2022-03-06,84.54218292236328,89.64859008789062,84.32964324951172,84.54218292236328,89.64859008789062,1467561782.0
1776,2022-03-07,82.13006591796875,84.55287170410156,80.31684875488281,82.13006591796875,84.55287170410156,2375648176.0
1777,2022-03-08,82.2547607421875,82.11260223388672,81.54011535644531,82.2547607421875,82.11260223388672,2112765959.0
1778,2022-03-09,88.20206451416016,82.27992248535156,82.20623779296875,88.20206451416016,82.27992248535156,2624860794.0
1779,2022-03-10,82.9390869140625,88.19039916992188,81.01934051513672,82.9390869140625,88.19039916992188,2196400279.0
1780,2022-03-11,80.7449951171875,82.94074249267578,80.28123474121094,80.7449951171875,82.94074249267578,1852734626.0
1781,2022-03-12,81.55381774902344,80.74752044677734,80.72209930419922,81.55381774902344,80.74752044677734,1036290480.0
1782,2022-03-13,78.93607330322266,81.53121948242188,78.00438690185547,78.93607330322266,81.53121948242188,1316842580.0
1783,2022-03-14,81.17333984375,78.92557525634766,78.27435302734375,81.17333984375,78.92557525634766,1676601058.0
1784,2022-03-15,82.95508575439453,81.17005920410156,79.07177734375,82.95508575439453,81.17005920410156,1627848455.0
1785,2022-03-16,87.90362548828125,82.95167541503906,81.65324401855469,87.90362548828125,82.95167541503906,2370877301.0
1786,2022-03-17,87.87684631347656,87.86245727539062,86.75122833251953,87.87684631347656,87.86245727539062,2440062581.0
1787,2022-03-18,89.82203674316406,87.86626434326172,84.63697814941406,89.82203674316406,87.86626434326172,2745357460.0
1788,2022-03-19,92.41815185546876,89.8204574584961,89.39261627197266,92.41815185546876,89.8204574584961,1951674158.0
1789,2022-03-20,88.61486053466797,92.41366577148438,88.15045928955078,88.61486053466797,92.41366577148438,1286133603.0
1790,2022-03-21,88.7572021484375,88.6050033569336,87.2076416015625,88.7572021484375,88.6050033569336,1598537312.0
1791,2022-03-22,90.51296997070312,88.74190521240234,88.18277740478516,90.51296997070312,88.74190521240234,1879747152.0
1792,2022-03-23,95.1026840209961,90.51393127441406,89.81146240234375,95.1026840209961,90.51393127441406,2099467745.0
1793,2022-03-24,102.22369384765624,95.02090454101562,94.06550598144533,102.22369384765624,95.02090454101562,3601646600.0
1794,2022-03-25,98.6581039428711,102.23835754394533,97.31824493408205,98.6581039428711,102.23835754394533,2175497007.0
1795,2022-03-26,101.7641830444336,98.666748046875,97.82968139648438,101.7641830444336,98.666748046875,1282869612.0
1796,2022-03-27,107.08422088623048,101.77369689941406,99.26909637451172,107.08422088623048,101.77369689941406,1572329892.0
1797,2022-03-28,106.46525573730467,107.07796478271484,105.47787475585938,106.46525573730467,107.07796478271484,2877146388.0
1798,2022-03-29,111.71031188964844,106.32798767089844,105.99919128417967,111.71031188964844,106.32798767089844,3052274877.0
1799,2022-03-30,120.6994857788086,111.69025421142578,107.76725769042967,120.6994857788086,111.69025421142578,3908170428.0
1800,2022-03-31,122.66146087646484,120.68155670166016,120.19783020019533,122.66146087646484,120.68155670166016,4115229587.0
1801,2022-04-01,134.43093872070312,122.7361068725586,118.78791046142578,134.43093872070312,122.7361068725586,4434807484.0
1802,2022-04-02,132.19886779785156,134.45358276367188,132.13919067382812,132.19886779785156,134.45358276367188,3394186456.0
1803,2022-04-03,136.77532958984375,132.24107360839844,131.2261505126953,136.77532958984375,132.24107360839844,2585967812.0
1804,2022-04-04,132.41262817382812,136.7607879638672,126.86532592773438,132.41262817382812,136.7607879638672,2828117206.0
1805,2022-04-05,126.86223602294922,132.3878631591797,126.56397247314452,126.86223602294922,132.3878631591797,2239922210.0
1806,2022-04-06,112.88338470458984,126.8579559326172,112.773681640625,112.88338470458984,126.8579559326172,3281009143.0
1807,2022-04-07,118.79651641845705,112.93579864501952,111.95746612548828,118.79651641845705,112.93579864501952,2431083313.0
1808,2022-04-08,109.8008804321289,118.81621551513672,108.5411605834961,109.8008804321289,118.81621551513672,2376864565.0
1809,2022-04-09,112.97279357910156,109.79875946044922,108.63433837890624,112.97279357910156,109.79875946044922,1202250516.0
1810,2022-04-10,111.74243927001952,112.97270965576172,110.0778350830078,111.74243927001952,112.97270965576172,1280232450.0
1811,2022-04-11,99.33910369873048,111.69898986816406,98.6708526611328,99.33910369873048,111.69898986816406,2272498194.0
1812,2022-04-12,103.30638885498048,99.38467407226562,98.935302734375,103.30638885498048,99.38467407226562,2317008207.0
1813,2022-04-13,105.00194549560548,103.28101348876952,100.48845672607422,105.00194549560548,103.28101348876952,1675840412.0
1814,2022-04-14,100.70780181884766,104.94060516357422,99.25684356689452,100.70780181884766,104.94060516357422,1686576071.0
1815,2022-04-15,101.30977630615234,100.70652770996094,100.10089874267578,101.30977630615234,100.70652770996094,1050639351.0
1816,2022-04-16,102.25731658935548,101.29869079589844,100.9647216796875,102.25731658935548,101.29869079589844,774939305.0
1817,2022-04-17,100.40969848632812,102.2484359741211,99.95817565917967,100.40969848632812,102.2484359741211,1057908299.0
1818,2022-04-18,102.15853118896484,100.40795135498048,95.2427749633789,102.15853118896484,100.40795135498048,1846133932.0
1819,2022-04-19,108.58203125,102.20238494873048,101.30172729492188,108.58203125,102.20238494873048,1711909607.0
1820,2022-04-20,105.49700164794922,108.6021957397461,104.7726593017578,105.49700164794922,108.6021957397461,1761531528.0
1821,2022-04-21,101.77613830566406,105.49767303466795,100.76715087890624,101.77613830566406,105.49767303466795,1838571747.0
1822,2022-04-22,100.61205291748048,101.7574234008789,99.57942962646484,100.61205291748048,101.7574234008789,1274793594.0
1823,2022-04-23,100.74443817138672,100.61978149414062,98.78157043457033,100.74443817138672,100.61978149414062,823252482.0
1824,2022-04-24,99.2357940673828,100.72718811035156,99.00851440429688,99.2357940673828,100.72718811035156,818266008.0
1825,2022-04-25,101.24763488769533,99.2414093017578,94.75575256347656,101.24763488769533,99.2414093017578,1538486689.0
